"Participant","Media","AOI","Total_duration_of_fixations","Number_of_fixations","Average_pupil_diameter","Subtitle_Type","Modality","Clip","Wordcount","Line","Prop_reading_time","Mean_fixation_duration"
"Participant19","C1-SDH","SUB",83.409,330,4.92839,"SDH","Intralingual","C1",479,61,0.315567847333096,252.754545454545
"Participant19","C2-ST","SUB",119.485,436,4.65066,"SS","Intralingual","C2",665,70,0.470215303002279,274.048165137615
"Participant19","C3-LC","SUB",151.111,566,4.73574,"AC","Intralingual","C3",772,118,0.498880818752063,266.980565371025
"Participant19","E1-SDH","SUB",95.38,361,5.2608,"SDH","Interlingual","E1",566,60,0.419383631814764,264.210526315789
"Participant19","E2-ST","SUB",101.649,419,5.03803,"SS","Interlingual","E2",775,62,0.461298637646696,242.599045346062
"Participant19","E3-LC","SUB",133.559,507,5.01917,"AC","Interlingual","E3",819,55,0.54927967164707,263.429980276134
"Participant10","E1-SDH","SUB",52.711,193,5.87714,"SDH","Interlingual","E1",566,60,0.256413873619692,273.113989637306
"Participant10","E2-ST","SUB",78.691,261,6.08498,"SS","Interlingual","E2",775,62,0.349517193593377,301.498084291188
"Participant10","E3-LC","SUB",127.824,422,5.98535,"AC","Interlingual","E3",819,55,0.572739492786092,302.900473933649
"Participant22","C1-SDH","SUB",55.284,335,3.32401,"SDH","Intralingual","C1",479,61,0.276309476209516,165.026865671642
"Participant22","C2-ST","SUB",73.078,450,2.98423,"SS","Intralingual","C2",665,70,0.353802953280077,162.395555555556
"Participant22","C3-LC","SUB",74.215,443,3.09281,"AC","Intralingual","C3",772,118,0.338725062870548,167.528216704289
"Participant22","E1-SDH","SUB",43.337,265,3.17595,"SDH","Interlingual","E1",566,60,0.241223456068576,163.535849056604
"Participant22","E2-ST","SUB",42.332,321,2.98653,"SS","Interlingual","E2",775,62,0.299381886589626,131.8753894081
"Participant22","E3-LC","SUB",71.128,523,3.11218,"AC","Interlingual","E3",819,55,0.385666028661436,136
"Participant21","E1-SDH","SUB",78.978,349,4.76724,"SDH","Interlingual","E1",566,60,0.376510633429156,226.297994269341
"Participant21","E2-ST","SUB",83.307,355,4.98157,"SS","Interlingual","E2",775,62,0.422931844142658,234.667605633803
"Participant21","E3-LC","SUB",116.383,511,4.69138,"AC","Interlingual","E3",819,55,0.524332774684183,227.755381604697
"Participant10","C1-SDH","SUB",75.012,221,5.38745,"SDH","Intralingual","C1",479,61,0.304077636843449,339.420814479638
"Participant10","C2-ST","SUB",92.098,272,5.9334,"SS","Intralingual","C2",665,70,0.360241887536377,338.595588235294
"Participant10","C3-LC","SUB",40.896,150,5.64999,"AC","Intralingual","C3",772,118,0.157654306233929,272.64
"Participant1","E1-SDH","SUB",46.33,259,3.93705,"SDH","Interlingual","E1",566,60,0.222691135614239,178.880308880309
"Participant1","E2-ST","SUB",62.364,350,4.10668,"SS","Interlingual","E2",775,62,0.311171208031255,178.182857142857
"Participant1","E3-LC","SUB",99.84,480,4.40121,"AC","Interlingual","E3",819,55,0.4618053146465,208
"Participant1","C1-SDH","SUB",54.601,251,3.94793,"SDH","Intralingual","C1",479,61,0.240700575731126,217.533864541833
"Participant1","C2-ST","SUB",81.149,345,4.17708,"SS","Intralingual","C2",665,70,0.338908796284695,235.214492753623
"Participant1","C3-LC","SUB",88.167,484,3.89215,"AC","Intralingual","C3",772,118,0.329345097570451,182.163223140496
"Participant21","C1-SDH","SUB",91.332,347,4.5627,"SDH","Intralingual","C1",479,61,0.375904447535869,263.204610951009
"Participant21","C2-ST","SUB",114.562,455,4.19531,"SS","Intralingual","C2",665,70,0.458991566337467,251.784615384615
"Participant21","C3-LC","SUB",134.864,541,4.27264,"AC","Intralingual","C3",772,118,0.503158169642024,249.286506469501
"Participant2","E1-SDH","SUB",120.085,428,3.79798,"SDH","Interlingual","E1",566,60,0.530527943450409,280.572429906542
"Participant2","E2-ST","SUB",126.846,487,3.30445,"SS","Interlingual","E2",775,62,0.581243813922798,260.464065708419
"Participant2","E3-LC","SUB",134.144,512,3.56604,"AC","Interlingual","E3",819,55,0.477613640814205,262
"Participant24","C1-SDH","SUB",131.009,294,5.38397,"SDH","Intralingual","C1",479,61,0.45414648857952,445.608843537415
"Participant24","C2-ST","SUB",238.56,361,5.64829,"SS","Intralingual","C2",665,70,0.850899907976116,660.831024930748
"Participant24","C3-LC","SUB",297.262,367,5.56464,"AC","Intralingual","C3",772,118,0.90746241318782,809.978201634877
"Participant20","E1-SDH","SUB",66.651,248,3.46703,"SDH","Interlingual","E1",566,60,0.328404466036639,268.754032258065
"Participant20","E2-ST","SUB",51.562,166,3.49123,"SS","Interlingual","E2",775,62,0.238293742490064,310.614457831325
"Participant20","E3-LC","SUB",122.492,452,3.59469,"AC","Interlingual","E3",819,55,0.603064258847161,271
"Participant2","C1-SDH","SUB",89.182,366,3.42022,"SDH","Intralingual","C1",479,61,0.353964247158189,243.666666666667
"Participant2","C2-ST","SUB",117.469,438,3.18333,"SS","Intralingual","C2",665,70,0.472254272516393,268.194063926941
"Participant2","C3-LC","SUB",139.385,492,3.2818,"AC","Intralingual","C3",772,118,0.528718497276465,283.302845528455
"Participant25","E1-SDH","SUB",74.787,326,5.80351,"SDH","Interlingual","E1",566,60,0.450534952649461,229.407975460123
"Participant25","E2-ST","SUB",77.96,359,5.84894,"SS","Interlingual","E2",775,62,0.516986412196529,217.158774373259
"Participant25","E3-LC","SUB",96.35,470,5.84826,"AC","Interlingual","E3",819,55,0.507254769826896,205
"Participant24","E1-SDH","SUB",123.088,282,5.27643,"SDH","Interlingual","E1",566,60,0.49186013986014,436.482269503546
"Participant24","E2-ST","SUB",167.279,324,5.35665,"SS","Interlingual","E2",775,62,0.702124265992856,516.293209876543
"Participant24","E3-LC","SUB",273.294,482,5.52111,"AC","Interlingual","E3",819,55,0.779534835960363,567
"Participant20","C1-SDH","SUB",47.355,195,3.50901,"SDH","Intralingual","C1",479,61,0.224811648144016,242.846153846154
"Participant20","C2-ST","SUB",64.758,249,3.46237,"SS","Intralingual","C2",665,70,0.282832959181,260.072289156626
"Participant20","C3-LC","SUB",49.561,134,3.69848,"AC","Intralingual","C3",772,118,0.183438325844443,369.858208955224
"Participant25","C1-SDH","SUB",62.16,240,6.16016,"SDH","Intralingual","C1",479,61,0.278866946012149,259
"Participant25","C2-ST","SUB",72.901,304,6.15978,"SS","Intralingual","C2",665,70,0.405632031693393,239.805921052632
"Participant25","C3-LC","SUB",67.731,283,5.97786,"AC","Intralingual","C3",772,118,0.350988744481065,239.332155477032
"Participant11","E1-SDH","SUB",72.793,232,5.36599,"SDH","Interlingual","E1",566,60,0.350058909807882,313.762931034483
"Participant11","E2-ST","SUB",57.195,248,5.28971,"SS","Interlingual","E2",775,62,0.316975171802261,230.625
"Participant11","E3-LC","SUB",98.012,458,5.34637,"AC","Interlingual","E3",819,55,0.45445988491517,214
"Participant11","C1-SDH","SUB",81.667,196,5.41146,"SDH","Intralingual","C1",479,61,0.333521193483703,416.668367346939
"Participant11","C2-ST","SUB",104.906,194,5.20846,"SS","Intralingual","C2",665,70,0.400412221607283,540.752577319588
"Participant11","C3-LC","SUB",77.976,241,5.07572,"AC","Intralingual","C3",772,118,0.311672115945736,323.551867219917
"Participant31","E1-SDH","SUB",102.512,381,5.3213,"SDH","Interlingual","E1",566,60,0.460417695935325,269.060367454068
"Participant31","E2-ST","SUB",116.096,442,5.17205,"SS","Interlingual","E2",775,62,0.544800983585017,262.660633484163
"Participant31","E3-LC","SUB",121.73,518,5.45989,"AC","Interlingual","E3",819,55,0.56011852997069,235
"Participant3","C1-SDH","SUB",27.249,145,4.85311,"SDH","Intralingual","C1",479,61,0.167112315863067,187.924137931034
"Participant3","C2-ST","SUB",24.531,161,4.52618,"SS","Intralingual","C2",665,70,0.164716072759503,152.366459627329
"Participant3","C3-LC","SUB",15.991,112,4.66595,"AC","Intralingual","C3",772,118,0.0979024832247637,142.776785714286
"Participant3","E1-SDH","SUB",37.904,256,4.98609,"SDH","Interlingual","E1",566,60,0.318470160226518,148.0625
"Participant3","E2-ST","SUB",8.616,66,4.59023,"SS","Interlingual","E2",775,62,0.0915894208691215,130.545454545455
"Participant3","E3-LC","SUB",27.614,261,5.13264,"AC","Interlingual","E3",819,55,0.339597117347566,105.800766283525
"Participant32","E1-SDH","SUB",79.809,134,6.17211,"SDH","Interlingual","E1",566,60,0.471380729908038,595.589552238806
"Participant32","E2-ST","SUB",100.46,294,6.23953,"SS","Interlingual","E2",775,62,0.60351560153312,341.700680272109
"Participant32","E3-LC","SUB",91.324,251,6.14786,"AC","Interlingual","E3",819,55,0.570789269731743,363.840637450199
"Participant12","C1-SDH","SUB",58.625,317,4.09379,"SDH","Intralingual","C1",479,61,0.258149601271703,184.93690851735
"Participant12","C2-ST","SUB",98.574,477,3.82347,"SS","Intralingual","C2",665,70,0.486499291774217,206.654088050314
"Participant12","C3-LC","SUB",129.118,620,3.87395,"AC","Intralingual","C3",772,118,0.513851358073824,208.254838709677
"Participant31","C1-SDH","SUB",121.958,333,4.93317,"SDH","Intralingual","C1",479,61,0.434150196502819,366.24024024024
"Participant31","C2-ST","SUB",128.652,416,4.08343,"SS","Intralingual","C2",665,70,0.52792653051175,309.259615384615
"Participant31","C3-LC","SUB",236.871,467,4.37447,"AC","Intralingual","C3",772,118,0.752671532568389,507.218415417559
"Participant26","E1-SDH","SUB",99.123,341,5.23999,"SDH","Interlingual","E1",566,60,0.407346982386639,290.683284457478
"Participant26","E2-ST","SUB",96.65,345,5.4414,"SS","Interlingual","E2",775,62,0.418112286834113,280.144927536232
"Participant26","E3-LC","SUB",154.003,530,5.1434,"AC","Interlingual","E3",819,55,0.542875775521715,290.571698113208
"Participant26","C1-SDH","SUB",86.458,282,4.82164,"SDH","Intralingual","C1",479,61,0.300089897156265,306.58865248227
"Participant26","C2-ST","SUB",129.346,427,4.60979,"SS","Intralingual","C2",665,70,0.460880099768395,302.918032786885
"Participant26","C3-LC","SUB",141.503,464,4.39597,"AC","Intralingual","C3",772,118,0.452057376525462,304.963362068966
"Participant12","E1-SDH","SUB",72.204,351,4.49275,"SDH","Interlingual","E1",566,60,0.314471873312312,205.709401709402
"Participant12","E2-ST","SUB",100.403,460,4.32552,"SS","Interlingual","E2",775,62,0.505391011959892,218.267391304348
"Participant12","E3-LC","SUB",114.766,537,4.20904,"AC","Interlingual","E3",819,55,0.491595846754849,213.716945996276
"Participant32","C1-SDH","SUB",107.891,233,5.63918,"SDH","Intralingual","C1",479,61,0.472389817595909,463.051502145923
"Participant32","C2-ST","SUB",175.819,414,5.24517,"SS","Intralingual","C2",665,70,0.747777749423703,424.683574879227
"Participant32","C3-LC","SUB",203.287,390,5.30311,"AC","Intralingual","C3",772,118,0.759128421524329,521.248717948718
"Participant13","E1-LC","SUB",27.231,193,3.91583,"AC","Interlingual","E1",497,53,0.269245980739188,141.093264248705
"Participant13","E2-SDH","SUB",31.163,236,3.46118,"SDH","Interlingual","E2",912,65,0.250020057444521,132.046610169492
"Participant13","E3-ST","SUB",16.923,132,3.83062,"SS","Interlingual","E3",521,61,0.0930796647086001,128.204545454545
"Participant4","E1-LC","SUB",90.337,343,3.5709,"AC","Interlingual","E1",497,53,0.518719064735809,263.373177842566
"Participant4","E2-SDH","SUB",74.397,333,3.51848,"SDH","Interlingual","E2",912,65,0.427598455065867,223.414414414414
"Participant4","E3-ST","SUB",37.244,183,3.48816,"SS","Interlingual","E3",521,61,0.210512036445645,203.51912568306
"Participant39","E1-LC","SUB",104.389,488,3.41846,"AC","Interlingual","E1",497,53,0.458927385992447,213.911885245902
"Participant39","E2-SDH","SUB",83.958,492,3.28417,"SDH","Interlingual","E2",912,65,0.442863171220593,170.646341463415
"Participant39","E3-ST","SUB",47.887,271,3.42031,"SS","Interlingual","E3",521,61,0.217650374060304,176.70479704797
"Participant39","C1-LC","SUB",53.078,230,3.72745,"AC","Intralingual","C1",379,62,0.206563744128395,230.773913043478
"Participant39","C2-SDH","SUB",117.514,515,3.85409,"SDH","Intralingual","C2",792,75,0.462925101732906,228.182524271845
"Participant39","C3-ST","SUB",114.806,517,3.52488,"SS","Intralingual","C3",784,108,0.431452279662673,222.061895551257
"Participant33","C1-LC","SUB",11.116,53,4.62108,"AC","Intralingual","C1",379,62,0.0682591341725514,209.735849056604
"Participant33","C2-SDH","SUB",41.903,188,4.13387,"SDH","Intralingual","C2",792,75,0.341699896437279,222.88829787234
"Participant33","C3-ST","SUB",72.16,305,4.68372,"SS","Intralingual","C3",784,108,0.334112744530617,236.590163934426
"Participant33","E1-LC","SUB",41.015,193,4.29118,"AC","Interlingual","E1",497,53,0.376969173360784,212.512953367876
"Participant33","E2-SDH","SUB",12.558,63,3.91227,"SDH","Interlingual","E2",912,65,0.22100983791204,199.333333333333
"Participant33","E3-ST","SUB",21.374,110,3.90906,"SS","Interlingual","E3",521,61,0.126138248086445,194.309090909091
"Participant27","C1-LC","SUB",58.577,272,5.36364,"AC","Intralingual","C1",379,62,0.232034066151713,215.356617647059
"Participant27","C2-SDH","SUB",125.311,561,4.94059,"SDH","Intralingual","C2",792,75,0.488022494576922,223.370766488414
"Participant27","C3-ST","SUB",119.551,566,4.92409,"SS","Intralingual","C3",784,108,0.473328714243294,211.220848056537
"Participant4","C1-LC","SUB",36.747,160,3.49082,"AC","Intralingual","C1",379,62,0.211315958963978,229.66875
"Participant4","C2-SDH","SUB",87.827,446,3.27736,"SDH","Intralingual","C2",792,75,0.51992020080036,196.921524663677
"Participant4","C3-ST","SUB",140.142,469,3.41847,"SS","Intralingual","C3",784,108,0.90497684960964,298.810234541578
"Participant13","C1-LC","SUB",2.675,21,4.2012,"AC","Intralingual","C1",379,62,0.0384294908631192,127.380952380952
"Participant13","C2-SDH","SUB",15.157,108,4.09723,"SDH","Intralingual","C2",792,75,0.121464919661818,140.342592592593
"Participant13","C3-ST","SUB",5.349,50,4.14642,"SS","Intralingual","C3",784,108,0.0606593257050839,106.98
"Participant27","E1-LC","SUB",100.796,491,5.44339,"AC","Interlingual","E1",497,53,0.509248172342887,205.28716904277
"Participant27","E2-SDH","SUB",100.924,527,5.00155,"SDH","Interlingual","E2",912,65,0.54531111543366,191.506641366224
"Participant27","E3-ST","SUB",60.406,305,4.88744,"SS","Interlingual","E3",521,61,0.303995329807204,198.052459016393
"Participant46","C1-LC","SUB",61.687,243,4.11797,"AC","Intralingual","C1",379,62,0.287999962650158,253.855967078189
"Participant46","C2-SDH","SUB",60.222,311,4.17229,"SDH","Intralingual","C2",792,75,0.392919591826082,193.639871382637
"Participant46","C3-ST","SUB",67.237,361,3.85576,"SS","Intralingual","C3",784,108,0.402906279961649,186.252077562327
"Participant40","E1-LC","SUB",135.944,509,3.72188,"AC","Interlingual","E1",497,53,0.513075607924245,267.080550098232
"Participant40","E2-SDH","SUB",103.005,416,3.55187,"SDH","Interlingual","E2",912,65,0.4358376562381,247.608173076923
"Participant40","E3-ST","SUB",45.294,228,3.49474,"SS","Interlingual","E3",521,61,0.188860349917441,198.657894736842
"Participant40","C1-LC","SUB",36.041,151,3.52931,"AC","Intralingual","C1",379,62,0.136328905162501,238.682119205298
"Participant40","C2-SDH","SUB",101.299,443,3.52459,"SDH","Intralingual","C2",792,75,0.383226397106669,228.665914221219
"Participant40","C3-ST","SUB",100.991,447,3.36947,"SS","Intralingual","C3",784,108,0.356798140244764,225.930648769575
"Participant28","E1-LC","SUB",126.351,417,5.81493,"AC","Interlingual","E1",497,53,0.567232323232323,303
"Participant28","E2-SDH","SUB",53.336,230,5.31692,"SDH","Interlingual","E2",912,65,0.435794358924077,231.895652173913
"Participant28","E3-ST","SUB",37.731,167,5.1784,"SS","Interlingual","E3",521,61,0.20738155435858,225.934131736527
"Participant14","C1-LC","SUB",35.237,154,3.11786,"AC","Intralingual","C1",379,62,0.142100721049151,228.811688311688
"Participant14","C2-SDH","SUB",95.777,445,3.36008,"SDH","Intralingual","C2",792,75,0.400489232699143,215.229213483146
"Participant14","C3-ST","SUB",83.692,416,3.08465,"SS","Intralingual","C3",784,108,0.344034924732597,201.182692307692
"Participant5","C1-LC","SUB",57.451,208,4.86042,"AC","Intralingual","C1",379,62,0.207826738099458,276.206730769231
"Participant5","C2-SDH","SUB",116.489,430,4.76662,"SDH","Intralingual","C2",792,75,0.43350551143595,270.904651162791
"Participant5","C3-ST","SUB",125.596,463,4.66102,"SS","Intralingual","C3",784,108,0.429515787601782,271.2656587473
"Participant14","E1-LC","SUB",130.452,560,4.44218,"AC","Interlingual","E1",497,53,0.512203166226913,232.95
"Participant14","E2-SDH","SUB",83.598,410,3.93326,"SDH","Interlingual","E2",912,65,0.40943686391286,203.89756097561
"Participant14","E3-ST","SUB",43.781,233,3.86379,"SS","Interlingual","E3",521,61,0.202617585397798,187.901287553648
"Participant46","E1-LC","SUB",48.3,244,4.2121,"AC","Interlingual","E1",497,53,0.420570513043781,197.950819672131
"Participant46","E2-SDH","SUB",82.009,419,3.98705,"SDH","Interlingual","E2",912,65,0.423241675440226,195.72553699284
"Participant46","E3-ST","SUB",49.833,254,3.89211,"SS","Interlingual","E3",521,61,0.267148072500362,196.192913385827
"Participant5","E1-LC","SUB",139.127,520,5.24411,"AC","Interlingual","E1",497,53,0.500894666921086,267.551923076923
"Participant5","E2-SDH","SUB",130.897,481,5.16944,"SDH","Interlingual","E2",912,65,0.561074510173727,272.135135135135
"Participant5","E3-ST","SUB",64.227,273,5.08081,"SS","Interlingual","E3",521,61,0.264918062538927,235.263736263736
"Participant28","C1-LC","SUB",28.007,121,5.03557,"AC","Intralingual","C1",379,62,0.131186472434306,231.462809917355
"Participant28","C2-SDH","SUB",86.884,373,4.847,"SDH","Intralingual","C2",792,75,0.409432344043052,232.932975871314
"Participant28","C3-ST","SUB",83.176,385,4.93522,"SS","Intralingual","C3",784,108,0.329398160065582,216.041558441558
"Participant49","E1-LC","SUB",39.096,216,3.55367,"AC","Interlingual","E1",497,53,0.144442638213605,181
"Participant49","E2-SDH","SUB",96.438,468,3.25648,"SDH","Interlingual","E2",912,65,0.485151852056807,206.064102564103
"Participant49","E3-ST","SUB",15.541,81,3.43682,"SS","Interlingual","E3",521,61,0.0626961650489354,191.864197530864
"Participant49","C1-LC","SUB",48.482,260,3.2297,"AC","Intralingual","C1",379,62,0.210053377699213,186.469230769231
"Participant49","C2-SDH","SUB",114.877,613,2.96773,"SDH","Intralingual","C2",792,75,0.563885452867605,187.401305057096
"Participant49","C3-ST","SUB",170.078,842,3.07302,"SS","Intralingual","C3",784,108,0.726388260115656,201.992874109264
"Participant6","E1-LC","SUB",20.1,206,4.66428,"AC","Interlingual","E1",497,53,0.235520194977913,97.5728155339806
"Participant6","E2-SDH","SUB",8.324,67,4.26389,"SDH","Interlingual","E2",912,65,0.112207484093605,124.238805970149
"Participant6","E3-ST","SUB",14.915,103,4.45169,"SS","Interlingual","E3",521,61,0.113982866269784,144.805825242718
"Participant38","C1-LC","SUB",22.906,156,3.51276,"AC","Intralingual","C1",379,62,0.101902270624244,146.833333333333
"Participant38","C2-SDH","SUB",15.84,116,3.31419,"SDH","Intralingual","C2",792,75,0.0761688602080218,136.551724137931
"Participant38","C3-ST","SUB",25.296,165,3.23279,"SS","Intralingual","C3",784,108,0.108351216252682,153.309090909091
"Participant38","E1-LC","SUB",47.34,240,3.72248,"AC","Interlingual","E1",497,53,0.171833654568619,197.25
"Participant38","E2-SDH","SUB",134.957,430,3.76015,"SDH","Interlingual","E2",912,65,0.607044863663761,313.853488372093
"Participant38","E3-ST","SUB",12.658,81,3.21241,"SS","Interlingual","E3",521,61,0.0523107568074652,156.271604938272
"Participant45","E1-LC","SUB",100.868,523,3.33345,"AC","Interlingual","E1",497,53,0.474124072838032,192.864244741874
"Participant45","E2-SDH","SUB",35.273,242,3.1924,"SDH","Interlingual","E2",912,65,0.451916670937324,145.756198347107
"Participant45","E3-ST","SUB",27.566,184,3.18869,"SS","Interlingual","E3",521,61,0.184189601833477,149.815217391304
"Participant6","C1-LC","SUB",22.322,140,4.38917,"AC","Intralingual","C1",379,62,0.139597130760524,159.442857142857
"Participant6","C2-SDH","SUB",52.87,362,4.24724,"SDH","Intralingual","C2",792,75,0.331552344759253,146.049723756906
"Participant6","C3-ST","SUB",48.415,273,4.46073,"SS","Intralingual","C3",784,108,0.361605509041071,177.344322344322
"Participant15","E1-LC","SUB",27.735,196,4.99693,"AC","Interlingual","E1",497,53,0.494385026737968,141.505102040816
"Participant15","E2-SDH","SUB",7.9,57,5.4185,"SDH","Interlingual","E2",912,65,0.225064812968292,138.59649122807
"Participant15","E3-ST","SUB",12.181,60,5.21209,"SS","Interlingual","E3",521,61,0.157560470831716,203.016666666667
"Participant15","C1-LC","SUB",10.315,60,5.06669,"AC","Intralingual","C1",379,62,0.377079144580515,171.916666666667
"Participant15","C2-SDH","SUB",6.749,44,4.88161,"SDH","Intralingual","C2",792,75,0.144052421506478,153.386363636364
"Participant15","C3-ST","SUB",5.116,26,4.74553,"SS","Intralingual","C3",784,108,0.257175891016941,196.769230769231
"Participant30","C1-LC","SUB",42.696,158,4.59265,"AC","Intralingual","C1",379,62,0.18349270472957,270.227848101266
"Participant30","C2-SDH","SUB",107.618,359,4.45853,"SDH","Intralingual","C2",792,75,0.436917405566923,299.771587743733
"Participant30","C3-ST","SUB",127.381,447,3.9342,"SS","Intralingual","C3",784,108,0.485886589208199,284.968680089485
"Participant45","C1-LC","SUB",19.891,105,3.4524,"AC","Intralingual","C1",379,62,0.203058484845391,189.438095238095
"Participant45","C2-SDH","SUB",70.332,370,3.18399,"SDH","Intralingual","C2",792,75,0.42704133676592,190.086486486486
"Participant45","C3-ST","SUB",36.264,226,3.2861,"SS","Intralingual","C3",784,108,0.398492357394811,160.46017699115
"Participant30","E1-LC","SUB",118.474,458,4.92804,"AC","Interlingual","E1",497,53,0.463756429427008,258.676855895197
"Participant30","E2-SDH","SUB",97.469,323,4.4788,"SDH","Interlingual","E2",912,65,0.435824058879554,301.761609907121
"Participant30","E3-ST","SUB",67.392,281,4.88017,"SS","Interlingual","E3",521,61,0.369069003285871,239.829181494662
"Participant29","E1-ST","SUB",104.937,407,3.33773,"SS","Interlingual","E1",480,47,0.456899404367968,257.830466830467
"Participant29","E2-LC","SUB",136.375,513,3.24668,"AC","Interlingual","E2",674,63,0.534703271541043,265.83820662768
"Participant29","E3-SDH","SUB",84.927,337,3.46857,"SDH","Interlingual","E3",574,65,0.337801448623966,252.008902077151
"Participant41","C1-ST","SUB",38.571,215,4.71537,"SS","Intralingual","C1",399,55,0.207022591016193,179.4
"Participant41","C2-LC","SUB",62.128,308,4.63308,"AC","Intralingual","C2",569,80,0.364686546137591,201.714285714286
"Participant41","C3-SDH","SUB",90.544,549,4.48479,"SDH","Intralingual","C3",986,116,0.436691247751289,164.925318761384
"Participant47","E1-ST","SUB",35.456,184,4.63761,"SS","Interlingual","E1",480,47,0.215414899692577,192.695652173913
"Participant47","E2-LC","SUB",110.535,500,4.5395,"AC","Interlingual","E2",674,63,0.569242812044557,221.07
"Participant47","E3-SDH","SUB",42.954,200,4.41649,"SDH","Interlingual","E3",574,65,0.225285186059319,214.77
"Participant29","C1-ST","SUB",70.767,227,3.34152,"SS","Intralingual","C1",399,55,0.251158779395376,311.748898678414
"Participant29","C2-LC","SUB",61.093,187,3.15587,"AC","Intralingual","C2",569,80,0.320143583294031,326.700534759358
"Participant29","C3-SDH","SUB",109.817,444,3.07538,"SDH","Intralingual","C3",986,116,0.679569054072451,247.335585585586
"Participant47","C1-ST","SUB",65.3,181,4.93333,"SS","Intralingual","C1",399,55,0.316518586378552,360.773480662983
"Participant47","C2-LC","SUB",53.871,212,4.83563,"AC","Intralingual","C2",569,80,0.286729365928433,254.108490566038
"Participant47","C3-SDH","SUB",84.92,387,4.46233,"SDH","Intralingual","C3",986,116,0.422521195717072,219.431524547804
"Participant7","C1-ST","SUB",103.781,311,6.34156,"SS","Intralingual","C1",399,55,0.370485002962995,333.700964630225
"Participant7","C2-LC","SUB",142.956,419,5.68716,"AC","Intralingual","C2",569,80,0.520752737525408,341.183770883055
"Participant7","C3-SDH","SUB",230.86,692,5.74295,"SDH","Intralingual","C3",986,116,0.774991859329209,333.612716763006
"Participant41","E1-ST","SUB",40.345,212,4.78604,"SS","Interlingual","E1",480,47,0.242034662939211,190.306603773585
"Participant41","E2-LC","SUB",47.102,247,4.66301,"AC","Interlingual","E2",674,63,0.406886543079767,190.696356275304
"Participant41","E3-SDH","SUB",47.113,270,4.85781,"SDH","Interlingual","E3",574,65,0.223977522855092,174.492592592593
"Participant7","E1-ST","SUB",109.597,370,6.14952,"SS","Interlingual","E1",480,47,0.459285489785228,296.208108108108
"Participant7","E2-LC","SUB",157.078,601,5.90392,"AC","Interlingual","E2",674,63,0.644747913819076,261.361064891847
"Participant7","E3-SDH","SUB",101.156,391,5.50131,"SDH","Interlingual","E3",574,65,0.403750284384592,258.710997442455
"Participant35","E1-ST","SUB",96.846,220,4.62935,"SS","Interlingual","E1",480,47,0.413322464587663,440.209090909091
"Participant35","E2-LC","SUB",107.217,379,4.28354,"AC","Interlingual","E2",674,63,0.509814270634219,282.894459102902
"Participant35","E3-SDH","SUB",87.631,260,4.16391,"SDH","Interlingual","E3",574,65,0.343010693763798,337.042307692308
"Participant48","E1-ST","SUB",55.876,319,6.4325,"SS","Interlingual","E1",480,47,0.273383336513575,175.15987460815
"Participant48","E2-LC","SUB",87.914,500,6.30705,"AC","Interlingual","E2",674,63,0.456541946875081,175.828
"Participant48","E3-SDH","SUB",72.87,346,5.95897,"SDH","Interlingual","E3",574,65,0.310382280907252,210.606936416185
"Participant43","C1-ST","SUB",67.251,224,4.9232,"SS","Intralingual","C1",399,55,0.242461278878602,300.227678571429
"Participant43","C2-LC","SUB",121.329,395,5.07842,"AC","Intralingual","C2",569,80,0.457389619398034,307.162025316456
"Participant43","C3-SDH","SUB",175.565,705,4.63119,"SDH","Intralingual","C3",986,116,0.615233930117079,249.028368794326
"Participant17","E1-ST","SUB",67.903,256,5.32379,"SS","Interlingual","E1",480,47,0.370114190717576,265.24609375
"Participant17","E2-LC","SUB",132.757,521,5.02988,"AC","Interlingual","E2",674,63,0.649575535168196,254.811900191939
"Participant17","E3-SDH","SUB",78.946,325,5.15952,"SDH","Interlingual","E3",574,65,0.380451649590855,242.910769230769
"Participant35","C1-ST","SUB",59.938,227,4.15037,"SS","Intralingual","C1",399,55,0.217969838135448,264.044052863436
"Participant35","C2-LC","SUB",99.299,302,4.33357,"AC","Intralingual","C2",569,80,0.353290473157837,328.804635761589
"Participant35","C3-SDH","SUB",147.248,531,3.95198,"SDH","Intralingual","C3",986,116,0.498476621213557,277.303201506591
"Participant17","C1-ST","SUB",100.189,323,4.74947,"SS","Intralingual","C1",399,55,0.375984628721324,310.1826625387
"Participant17","C2-LC","SUB",120.418,409,4.64318,"AC","Intralingual","C2",569,80,0.459710700419557,294.42053789731
"Participant17","C3-SDH","SUB",231.882,742,4.45084,"SDH","Intralingual","C3",986,116,0.809587319321276,312.509433962264
"Participant8","C1-ST","SUB",67.117,202,5.65369,"SS","Intralingual","C1",399,55,0.237105571806068,332.262376237624
"Participant8","C2-LC","SUB",57.651,162,5.40401,"AC","Intralingual","C2",569,80,0.217163327344024,355.87037037037
"Participant8","C3-SDH","SUB",102.975,417,4.93085,"SDH","Intralingual","C3",986,116,0.359645017532585,246.942446043165
"Participant8","E1-ST","SUB",73.257,255,5.89094,"SS","Interlingual","E1",480,47,0.319398846350045,287.282352941176
"Participant8","E2-LC","SUB",134.772,515,5.61496,"AC","Interlingual","E2",674,63,0.545346395231679,261.693203883495
"Participant8","E3-SDH","SUB",38.089,183,5.49649,"SDH","Interlingual","E3",574,65,0.189992817095313,208.136612021858
"Participant48","C1-ST","SUB",52.889,337,5.79379,"SS","Intralingual","C1",399,55,0.329411544881537,156.940652818991
"Participant48","C2-LC","SUB",44.887,302,5.78452,"AC","Intralingual","C2",569,80,0.279139330244706,148.632450331126
"Participant48","C3-SDH","SUB",48.528,353,5.83704,"SDH","Intralingual","C3",986,116,0.451814127570829,137.473087818697
"Participant43","E1-ST","SUB",88.207,304,4.99116,"SS","Interlingual","E1",480,47,0.36220921876604,290.154605263158
"Participant43","E2-LC","SUB",156.13,584,4.88286,"AC","Interlingual","E2",674,63,0.640735740110722,267.345890410959
"Participant43","E3-SDH","SUB",96.182,312,4.86966,"SDH","Interlingual","E3",574,65,0.37954643210885,308.275641025641
"Participant34","C1-ST","SUB",43.58,269,3.99386,"SS","Intralingual","C1",399,55,0.280241014989486,162.007434944238
"Participant34","C2-LC","SUB",69.079,404,3.78017,"AC","Intralingual","C2",569,80,0.336785089194737,170.987623762376
"Participant34","C3-SDH","SUB",100.202,730,3.68151,"SDH","Intralingual","C3",986,116,0.550499945060982,137.26301369863
"Participant18","C1-ST","SUB",87.544,264,4.41836,"SS","Intralingual","C1",399,55,0.304659822516095,331.606060606061
"Participant18","C2-LC","SUB",92.251,203,4.26417,"AC","Intralingual","C2",569,80,0.320866347137103,454.43842364532
"Participant18","C3-SDH","SUB",180.885,567,3.94483,"SDH","Intralingual","C3",986,116,0.573220855687843,319.021164021164
"Participant9","E1-ST","SUB",8.333,66,5.42001,"SS","Interlingual","E1",480,47,0.144629963898917,126.257575757576
"Participant9","E2-LC","SUB",25.901,189,5.90792,"AC","Interlingual","E2",674,63,0.399337033610854,137.042328042328
"Participant9","E3-SDH","SUB",12.582,60,5.70992,"SDH","Interlingual","E3",574,65,0.0737402271635038,209.7
"Participant42","E1-ST","SUB",19.924,72,4.30772,"SS","Interlingual","E1",480,47,0.0787491205742156,276.722222222222
"Participant42","E2-LC","SUB",84.095,401,4.2633,"AC","Interlingual","E2",674,63,0.371054280394285,209.713216957606
"Participant42","E3-SDH","SUB",27.864,141,4.13284,"SDH","Interlingual","E3",574,65,0.112546349029397,197.617021276596
"Participant37","E1-ST","SUB",34.904,211,3.92533,"SS","Interlingual","E1",480,47,0.232552251634009,165.421800947867
"Participant37","E2-LC","SUB",52.531,377,3.8649,"AC","Interlingual","E2",674,63,0.422818737926594,139.339522546419
"Participant37","E3-SDH","SUB",33.972,233,4.01924,"SDH","Interlingual","E3",574,65,0.250884357760562,145.802575107296
"Participant18","E1-ST","SUB",103.441,325,4.68845,"SS","Interlingual","E1",480,47,0.429041302706783,318.28
"Participant18","E2-LC","SUB",111.629,327,4.27733,"AC","Interlingual","E2",674,63,0.535272793532362,341.373088685015
"Participant18","E3-SDH","SUB",76.826,292,4.24977,"SDH","Interlingual","E3",574,65,0.297662128338848,263.102739726027
"Participant9","C1-ST","SUB",8.248,53,4.66677,"SS","Intralingual","C1",399,55,0.26798362466697,155.622641509434
"Participant9","C2-LC","SUB",2.141,9,4.95326,"AC","Intralingual","C2",569,80,0.0289296958395827,237.888888888889
"Participant9","C3-SDH","SUB",0.9,6,5.09376,"SDH","Intralingual","C3",986,116,0.16366612111293,150
"Participant34","E1-ST","SUB",39.021,280,4.13233,"SS","Interlingual","E1",480,47,0.230021044440908,139.360714285714
"Participant34","E2-LC","SUB",60.796,482,4.22709,"AC","Interlingual","E2",674,63,0.430033598585323,126.132780082988
"Participant34","E3-SDH","SUB",52.035,333,4.12948,"SDH","Interlingual","E3",574,65,0.272244981243427,156.261261261261
"Participant42","C1-ST","SUB",37.945,151,4.24723,"SS","Intralingual","C1",399,55,0.138573400626675,251.291390728477
"Participant42","C2-LC","SUB",11.716,54,4.08294,"AC","Intralingual","C2",569,80,0.0428390172913719,216.962962962963
"Participant42","C3-SDH","SUB",20.782,91,3.93491,"SDH","Intralingual","C3",986,116,0.0695036220008963,228.373626373626
"Participant37","C1-ST","SUB",50.783,316,3.56489,"SS","Intralingual","C1",399,55,0.253111371395818,160.705696202532
"Participant37","C2-LC","SUB",59.602,401,3.42975,"AC","Intralingual","C2",569,80,0.321833742811631,148.633416458853
"Participant37","C3-SDH","SUB",99.865,671,3.39958,"SDH","Intralingual","C3",986,116,0.541699438583168,148.830104321908
