"Participant","Subtitle_Type","Language","Media","AOI","Average_duration_of_fixations","Total_duration_of_fixations","Number_of_fixations","Number_of_Visits","Average_pupil_diameter","Wordcount","Line"
"Participant19","SDH","C","C1-SDH","IMA",308,180905,588,117,4.83507,479,61
"Participant19","SDH","C","C1-SDH","SUB",253,83409,330,109,4.92839,479,61
"Participant19","ST","C","C2-ST","IMA",329,134622,409,87,4.70417,665,70
"Participant19","ST","C","C2-ST","SUB",274,119485,436,85,4.65066,665,70
"Participant19","LC","C","C3-LC","IMA",310,151789,490,154,4.6441,772,118
"Participant19","LC","C","C3-LC","SUB",267,151111,566,157,4.73574,772,118
"Participant19","SDH","E","E1-SDH","IMA",334,132049,395,96,5.26724,566,60
"Participant19","SDH","E","E1-SDH","SUB",264,95380,361,93,5.2608,566,60
"Participant19","ST","E","E2-ST","IMA",298,118705,399,91,5.02443,775,62
"Participant19","ST","E","E2-ST","SUB",243,101649,419,91,5.03803,775,62
"Participant19","LC","E","E3-LC","IMA",302,109594,435,130,4.83991,819,55
"Participant19","LC","E","E3-LC","SUB",274,133559,507,123,5.01917,819,55
"Participant10","SDH","E","E1-SDH","IMA",312,152859,490,83,5.81672,566,60
"Participant10","SDH","E","E1-SDH","SUB",273,52711,193,84,5.87714,566,60
"Participant10","ST","E","E2-ST","IMA",288,146451,508,85,6.09618,775,62
"Participant10","ST","E","E2-ST","SUB",301,78691,261,82,6.08498,775,62
"Participant10","LC","E","E3-LC","IMA",278,95356,288,104,5.98203,819,55
"Participant10","LC","E","E3-LC","SUB",303,127824,422,96,5.98535,819,55
"Participant22","SDH","C","C1-SDH","IMA",203,144796,715,90,3.0984,479,61
"Participant22","SDH","C","C1-SDH","SUB",165,55284,335,88,3.32401,479,61
"Participant22","ST","C","C2-ST","IMA",243,133472,550,96,2.97548,665,70
"Participant22","ST","C","C2-ST","SUB",162,73078,450,94,2.98423,665,70
"Participant22","LC","C","C3-LC","IMA",230,144886,631,126,2.90669,772,118
"Participant22","LC","C","C3-LC","SUB",168,74215,443,125,3.09281,772,118
"Participant22","SDH","E","E1-SDH","IMA",236,136318,577,77,3.01542,566,60
"Participant22","SDH","E","E1-SDH","SUB",164,43337,265,77,3.17595,566,60
"Participant22","ST","E","E2-ST","IMA",195,99066,507,89,2.9222,775,62
"Participant22","ST","E","E2-ST","SUB",132,42332,321,90,2.98653,775,62
"Participant22","LC","E","E3-LC","IMA",190,113301,712,156,2.8867,819,55
"Participant22","LC","E","E3-LC","SUB",136,71128,523,154,3.11218,819,55
"Participant21","SDH","E","E1-SDH","IMA",326,130785,401,100,4.91075,566,60
"Participant21","SDH","E","E1-SDH","SUB",226,78978,349,105,4.76724,566,60
"Participant21","ST","E","E2-ST","IMA",281,113668,404,104,4.96995,775,62
"Participant21","ST","E","E2-ST","SUB",235,83307,355,109,4.98157,775,62
"Participant21","LC","E","E3-LC","IMA",307,105581,349,112,4.61034,819,55
"Participant21","LC","E","E3-LC","SUB",228,116383,511,137,4.69138,819,55
"Participant10","SDH","C","C1-SDH","IMA",293,171675,586,109,5.29693,479,61
"Participant10","SDH","C","C1-SDH","SUB",339,75012,221,115,5.38745,479,61
"Participant10","ST","C","C2-ST","IMA",307,163558,532,106,6.00829,665,70
"Participant10","ST","C","C2-ST","SUB",339,92098,272,102,5.9334,665,70
"Participant10","LC","C","C3-LC","IMA",307,218507,711,111,5.56183,772,118
"Participant10","LC","C","C3-LC","SUB",273,40896,150,92,5.64999,772,118
"Participant1","SDH","E","E1-SDH","IMA",244,161716,663,91,4.16549,566,60
"Participant1","SDH","E","E1-SDH","SUB",179,46330,259,88,3.93705,566,60
"Participant1","ST","E","E2-ST","IMA",232,138053,594,97,4.11267,775,62
"Participant1","ST","E","E2-ST","SUB",178,62364,350,101,4.10668,775,62
"Participant1","LC","E","E3-LC","IMA",259,116355,661,115,4.3178,819,55
"Participant1","LC","E","E3-LC","SUB",208,99840,480,123,4.40121,819,55
"Participant1","SDH","C","C1-SDH","IMA",228,172241,755,91,3.96801,479,61
"Participant1","SDH","C","C1-SDH","SUB",218,54601,251,90,3.94793,479,61
"Participant1","ST","C","C2-ST","IMA",272,158293,581,89,4.24774,665,70
"Participant1","ST","C","C2-ST","SUB",235,81149,345,90,4.17708,665,70
"Participant1","LC","C","C3-LC","IMA",228,179537,789,161,3.90237,772,118
"Participant1","LC","C","C3-LC","SUB",182,88167,484,159,3.89215,772,118
"Participant21","SDH","C","C1-SDH","IMA",305,151634,497,95,4.49332,479,61
"Participant21","SDH","C","C1-SDH","SUB",263,91332,347,92,4.5627,479,61
"Participant21","ST","C","C2-ST","IMA",368,135033,367,83,4.35943,665,70
"Participant21","ST","C","C2-ST","SUB",252,114562,455,84,4.19531,665,70
"Participant21","LC","C","C3-LC","IMA",290,133171,460,119,4.23091,772,118
"Participant21","LC","C","C3-LC","SUB",249,134864,541,122,4.27264,772,118
"Participant2","SDH","E","E1-SDH","IMA",366,106265,290,61,3.78286,566,60
"Participant2","SDH","E","E1-SDH","SUB",281,120085,428,74,3.79798,566,60
"Participant2","ST","E","E2-ST","IMA",346,91386,264,64,3.25181,775,62
"Participant2","ST","E","E2-ST","SUB",260,126846,487,64,3.30445,775,62
"Participant2","LC","E","E3-LC","IMA",378,146719,500,99,3.47005,819,55
"Participant2","LC","E","E3-LC","SUB",262,134144,512,123,3.56604,819,55
"Participant24","SDH","C","C1-SDH","IMA",373,157464,422,58,5.31014,479,61
"Participant24","SDH","C","C1-SDH","SUB",446,131009,294,72,5.38397,479,61
"Participant24","ST","C","C2-ST","IMA",510,41802,82,23,5.81608,665,70
"Participant24","ST","C","C2-ST","SUB",661,238560,361,24,5.64829,665,70
"Participant24","LC","C","C3-LC","IMA",446,30313,68,26,5.39872,772,118
"Participant24","LC","C","C3-LC","SUB",810,297262,367,31,5.56464,772,118
"Participant20","SDH","E","E1-SDH","IMA",253,136303,538,55,3.61587,566,60
"Participant20","SDH","E","E1-SDH","SUB",269,66651,248,66,3.46703,566,60
"Participant20","ST","E","E2-ST","IMA",322,164818,512,38,3.60971,775,62
"Participant20","ST","E","E2-ST","SUB",311,51562,166,36,3.49123,775,62
"Participant20","LC","E","E3-LC","IMA",261,80624,455,60,3.6321,819,55
"Participant20","LC","E","E3-LC","SUB",271,122492,452,125,3.59469,819,55
"Participant2","SDH","C","C1-SDH","IMA",302,162770,539,77,3.30613,479,61
"Participant2","SDH","C","C1-SDH","SUB",244,89182,366,87,3.42022,479,61
"Participant2","ST","C","C2-ST","IMA",323,131272,407,78,3.19758,665,70
"Participant2","ST","C","C2-ST","SUB",268,117469,438,75,3.18333,665,70
"Participant2","LC","C","C3-LC","IMA",291,124243,427,89,3.0811,772,118
"Participant2","LC","C","C3-LC","SUB",283,139385,492,85,3.2818,772,118
"Participant25","SDH","E","E1-SDH","IMA",285,91209,320,76,5.95615,566,60
"Participant25","SDH","E","E1-SDH","SUB",229,74787,326,111,5.80351,566,60
"Participant25","ST","E","E2-ST","IMA",294,72837,248,75,5.84956,775,62
"Participant25","ST","E","E2-ST","SUB",217,77960,359,105,5.84894,775,62
"Participant25","LC","E","E3-LC","IMA",273,93594,343,107,5.77815,819,55
"Participant25","LC","E","E3-LC","SUB",205,96350,470,159,5.84826,819,55
"Participant24","SDH","E","E1-SDH","IMA",370,127162,344,57,5.43637,566,60
"Participant24","SDH","E","E1-SDH","SUB",436,123088,282,72,5.27643,566,60
"Participant24","ST","E","E2-ST","IMA",483,70968,147,32,5.27331,775,62
"Participant24","ST","E","E2-ST","SUB",516,167279,324,31,5.35665,775,62
"Participant24","LC","E","E3-LC","IMA",646,77292,220,50,5.3882,819,55
"Participant24","LC","E","E3-LC","SUB",567,273294,482,88,5.52111,819,55
"Participant20","SDH","C","C1-SDH","IMA",269,163288,608,56,3.49311,479,61
"Participant20","SDH","C","C1-SDH","SUB",243,47355,195,65,3.50901,479,61
"Participant20","ST","C","C2-ST","IMA",355,164204,463,61,3.57919,665,70
"Participant20","ST","C","C2-ST","SUB",260,64758,249,60,3.46237,665,70
"Participant20","LC","C","C3-LC","IMA",312,220617,707,63,3.80929,772,118
"Participant20","LC","C","C3-LC","SUB",370,49561,134,61,3.69848,772,118
"Participant25","SDH","C","C1-SDH","IMA",295,160742,544,103,6.08196,479,61
"Participant25","SDH","C","C1-SDH","SUB",259,62160,240,111,6.16016,479,61
"Participant25","ST","C","C2-ST","IMA",281,106821,380,92,6.28152,665,70
"Participant25","ST","C","C2-ST","SUB",240,72901,304,117,6.15978,665,70
"Participant25","LC","C","C3-LC","IMA",272,125241,461,135,6.02081,772,118
"Participant25","LC","C","C3-LC","SUB",239,67731,283,141,5.97786,772,118
"Participant11","SDH","E","E1-SDH","IMA",363,135152,372,89,5.55694,566,60
"Participant11","SDH","E","E1-SDH","SUB",314,72793,232,90,5.36599,566,60
"Participant11","ST","E","E2-ST","IMA",291,123245,424,83,5.32424,775,62
"Participant11","ST","E","E2-ST","SUB",231,57195,248,81,5.28971,775,62
"Participant11","LC","E","E3-LC","IMA",272,117655,609,130,5.2416,819,55
"Participant11","LC","E","E3-LC","SUB",214,98012,458,151,5.34637,819,55
"Participant11","SDH","C","C1-SDH","IMA",450,163196,363,80,5.48296,479,61
"Participant11","SDH","C","C1-SDH","SUB",417,81667,196,90,5.41146,479,61
"Participant11","ST","C","C2-ST","IMA",559,157089,281,63,5.34497,665,70
"Participant11","ST","C","C2-ST","SUB",541,104906,194,64,5.20846,665,70
"Participant11","LC","C","C3-LC","IMA",363,172210,475,107,5.11727,772,118
"Participant11","LC","C","C3-LC","SUB",324,77976,241,107,5.07572,772,118
"Participant31","SDH","E","E1-SDH","IMA",343,120138,350,93,5.18673,566,60
"Participant31","SDH","E","E1-SDH","SUB",269,102512,381,101,5.3213,566,60
"Participant31","ST","E","E2-ST","IMA",369,97002,263,74,4.98496,775,62
"Participant31","ST","E","E2-ST","SUB",263,116096,442,75,5.17205,775,62
"Participant31","LC","E","E3-LC","IMA",329,95599,360,99,5.19344,819,55
"Participant31","LC","E","E3-LC","SUB",235,121730,518,142,5.45989,819,55
"Participant3","SDH","C","C1-SDH","IMA",260,135809,522,72,4.42384,479,61
"Participant3","SDH","C","C1-SDH","SUB",188,27249,145,80,4.85311,479,61
"Participant3","ST","C","C2-ST","IMA",264,124398,472,67,4.49499,665,70
"Participant3","ST","C","C2-ST","SUB",152,24531,161,55,4.52618,665,70
"Participant3","LC","C","C3-LC","IMA",255,147345,578,99,4.32274,772,118
"Participant3","LC","C","C3-LC","SUB",143,15991,112,66,4.66595,772,118
"Participant3","SDH","E","E1-SDH","IMA",212,81115,383,73,5.2158,566,60
"Participant3","SDH","E","E1-SDH","SUB",148,37904,256,77,4.98609,566,60
"Participant3","ST","E","E2-ST","IMA",178,85456,480,35,4.82237,775,62
"Participant3","ST","E","E2-ST","SUB",131,8616,66,32,4.59023,775,62
"Participant3","LC","E","E3-LC","IMA",173,53700,310,89,5.21645,819,55
"Participant3","LC","E","E3-LC","SUB",105,27614,261,104,5.13264,819,55
"Participant32","SDH","E","E1-SDH","IMA",324,89500,276,61,6.25971,566,60
"Participant32","SDH","E","E1-SDH","SUB",596,79809,134,71,6.17211,566,60
"Participant32","ST","E","E2-ST","IMA",274,65998,241,62,6.20501,775,62
"Participant32","ST","E","E2-ST","SUB",342,100460,294,92,6.23953,775,62
"Participant32","LC","E","E3-LC","IMA",337,68672,274,115,5.9485,819,55
"Participant32","LC","E","E3-LC","SUB",405,91324,251,128,6.14786,819,55
"Participant12","SDH","C","C1-SDH","IMA",248,168472,680,100,4.08011,479,61
"Participant12","SDH","C","C1-SDH","SUB",185,58625,317,114,4.09379,479,61
"Participant12","ST","C","C2-ST","IMA",245,104045,424,100,3.9921,665,70
"Participant12","ST","C","C2-ST","SUB",207,98574,477,99,3.82347,665,70
"Participant12","LC","C","C3-LC","IMA",211,122157,578,211,3.91955,772,118
"Participant12","LC","C","C3-LC","SUB",208,129118,620,210,3.87395,772,118
"Participant31","SDH","C","C1-SDH","IMA",440,158954,361,96,4.73728,479,61
"Participant31","SDH","C","C1-SDH","SUB",366,121958,333,106,4.93317,479,61
"Participant31","ST","C","C2-ST","IMA",353,115041,326,82,4.16253,665,70
"Participant31","ST","C","C2-ST","SUB",309,128652,416,84,4.08343,665,70
"Participant31","LC","C","C3-LC","IMA",435,77836,179,88,4.47832,772,118
"Participant31","LC","C","C3-LC","SUB",507,236871,467,88,4.37447,772,118
"Participant26","SDH","E","E1-SDH","IMA",372,144215,388,76,5.40613,566,60
"Participant26","SDH","E","E1-SDH","SUB",291,99123,341,89,5.23999,566,60
"Participant26","ST","E","E2-ST","IMA",375,134508,359,69,5.41472,775,62
"Participant26","ST","E","E2-ST","SUB",280,96650,345,69,5.4414,775,62
"Participant26","LC","E","E3-LC","IMA",369,129677,451,120,5.07986,819,55
"Participant26","LC","E","E3-LC","SUB",298,154003,530,143,5.1434,819,55
"Participant26","SDH","C","C1-SDH","IMA",394,201649,512,84,4.81221,479,61
"Participant26","SDH","C","C1-SDH","SUB",307,86458,282,97,4.82164,479,61
"Participant26","ST","C","C2-ST","IMA",423,151304,358,77,4.7455,665,70
"Participant26","ST","C","C2-ST","SUB",303,129346,427,77,4.60979,665,70
"Participant26","LC","C","C3-LC","IMA",359,171517,478,130,4.34135,772,118
"Participant26","LC","C","C3-LC","SUB",305,141503,464,129,4.39597,772,118
"Participant12","SDH","E","E1-SDH","IMA",301,157400,523,95,4.56878,566,60
"Participant12","SDH","E","E1-SDH","SUB",206,72204,351,109,4.49275,566,60
"Participant12","ST","E","E2-ST","IMA",262,98261,375,91,4.17344,775,62
"Participant12","ST","E","E2-ST","SUB",218,100403,460,94,4.32552,775,62
"Participant12","LC","E","E3-LC","IMA",253,118690,570,99,4.13679,819,55
"Participant12","LC","E","E3-LC","SUB",215,114766,537,152,4.20904,819,55
"Participant32","SDH","C","C1-SDH","IMA",360,120503,335,97,5.48551,479,61
"Participant32","SDH","C","C1-SDH","SUB",463,107891,233,100,5.63918,479,61
"Participant32","ST","C","C2-ST","IMA",322,59303,184,60,5.35547,665,70
"Participant32","ST","C","C2-ST","SUB",425,175819,414,81,5.24517,665,70
"Participant32","LC","C","C3-LC","IMA",321,64503,201,62,5.00526,772,118
"Participant32","LC","C","C3-LC","SUB",521,203287,390,85,5.30311,772,118
"Participant13","LC","E","E1-LC","IMA",232,73907,318,92,4.39706,497,53
"Participant13","LC","E","E1-LC","SUB",142,27231,193,85,3.91583,497,53
"Participant13","SDH","E","E2-SDH","IMA",202,93479,463,67,3.42604,912,65
"Participant13","SDH","E","E2-SDH","SUB",132,31163,236,66,3.46118,912,65
"Participant13","ST","E","E3-ST","IMA",246,164889,671,51,3.99836,521,61
"Participant13","ST","E","E3-ST","SUB",128,16923,132,49,3.83062,521,61
"Participant4","LC","E","E1-LC","IMA",222,83817,377,80,3.86814,497,53
"Participant4","LC","E","E1-LC","SUB",267,90337,343,109,3.5709,497,53
"Participant4","SDH","E","E2-SDH","IMA",231,99591,431,88,3.50447,912,65
"Participant4","SDH","E","E2-SDH","SUB",223,74397,333,103,3.51848,912,65
"Participant4","ST","E","E3-ST","IMA",203,139677,688,80,3.43453,521,61
"Participant4","ST","E","E3-ST","SUB",204,37244,183,82,3.48816,521,61
"Participant39","LC","E","E1-LC","IMA",261,123074,473,139,3.55182,497,53
"Participant39","LC","E","E1-LC","SUB",209,104389,488,121,3.41846,497,53
"Participant39","SDH","E","E2-SDH","IMA",220,105622,481,110,3.31512,912,65
"Participant39","SDH","E","E2-SDH","SUB",171,83958,492,107,3.28417,912,65
"Participant39","ST","E","E3-ST","IMA",247,172131,698,77,3.28654,521,61
"Participant39","ST","E","E3-ST","SUB",177,47887,271,74,3.42031,521,61
"Participant39","LC","C","C1-LC","IMA",271,203879,753,97,3.68576,379,62
"Participant39","LC","C","C1-LC","SUB",231,53078,230,95,3.72745,379,62
"Participant39","SDH","C","C2-SDH","IMA",281,136337,486,114,3.84903,792,75
"Participant39","SDH","C","C2-SDH","SUB",228,117514,515,113,3.85409,792,75
"Participant39","ST","C","C3-ST","IMA",256,151286,592,169,3.4842,784,108
"Participant39","ST","C","C3-ST","SUB",222,114806,517,170,3.52488,784,108
"Participant33","LC","C","C1-LC","IMA",270,151734,563,73,4.68153,379,62
"Participant33","LC","C","C1-LC","SUB",210,11116,53,33,4.62108,379,62
"Participant33","SDH","C","C2-SDH","IMA",250,80728,323,90,4.36521,792,75
"Participant33","SDH","C","C2-SDH","SUB",223,41903,188,86,4.13387,792,75
"Participant33","ST","C","C3-ST","IMA",263,143815,547,154,4.68354,784,108
"Participant33","ST","C","C3-ST","SUB",237,72160,305,155,4.68372,784,108
"Participant33","LC","E","E1-LC","IMA",218,67787,311,68,4.52695,497,53
"Participant33","LC","E","E1-LC","SUB",215,41015,193,75,4.29118,497,53
"Participant33","SDH","E","E2-SDH","IMA",190,44263,233,72,4.25085,912,65
"Participant33","SDH","E","E2-SDH","SUB",199,12558,63,43,3.91227,912,65
"Participant33","ST","E","E3-ST","IMA",261,148075,567,66,4.028,521,61
"Participant33","ST","E","E3-ST","SUB",194,21374,110,50,3.90906,521,61
"Participant27","LC","C","C1-LC","IMA",325,193873,597,81,5.29285,379,62
"Participant27","LC","C","C1-LC","SUB",215,58577,272,78,5.36364,379,62
"Participant27","SDH","C","C2-SDH","IMA",293,131462,415,93,5.02336,792,75
"Participant27","SDH","C","C2-SDH","SUB",209,125311,561,91,4.94059,792,75
"Participant27","ST","C","C3-ST","IMA",269,133024,494,141,4.86693,784,108
"Participant27","ST","C","C3-ST","SUB",211,119551,566,139,4.92409,784,108
"Participant4","LC","C","C1-LC","IMA",195,137149,702,78,3.55782,379,62
"Participant4","LC","C","C1-LC","SUB",230,36747,160,81,3.49082,379,62
"Participant4","SDH","C","C2-SDH","IMA",217,81097,373,89,3.46587,792,75
"Participant4","SDH","C","C2-SDH","SUB",197,87827,446,115,3.27736,792,75
"Participant4","ST","C","C3-ST","IMA",191,14715,77,28,3.48489,784,108
"Participant4","ST","C","C3-ST","SUB",299,140142,469,97,3.41847,784,108
"Participant13","LC","C","C1-LC","IMA",205,66933,326,17,4.39033,379,62
"Participant13","LC","C","C1-LC","SUB",127,2675,21,14,4.2012,379,62
"Participant13","SDH","C","C2-SDH","IMA",264,109628,416,57,4.13431,792,75
"Participant13","SDH","C","C2-SDH","SUB",140,15157,108,55,4.09723,792,75
"Participant13","ST","C","C3-ST","IMA",254,82832,326,32,4.45518,784,108
"Participant13","ST","C","C3-ST","SUB",107,5349,50,27,4.14642,784,108
"Participant27","LC","E","E1-LC","IMA",241,97135,461,83,5.42266,497,53
"Participant27","LC","E","E1-LC","SUB",204,100796,491,96,5.44339,497,53
"Participant27","SDH","E","E2-SDH","IMA",240,84152,351,85,4.85889,912,65
"Participant27","SDH","E","E2-SDH","SUB",192,100924,527,89,5.00155,912,65
"Participant27","ST","E","E3-ST","IMA",279,138301,496,73,4.68865,521,61
"Participant27","ST","E","E3-ST","SUB",198,60406,305,76,4.88744,521,61
"Participant46","LC","C","C1-LC","IMA",275,152504,555,81,4.14513,379,62
"Participant46","LC","C","C1-LC","SUB",254,61687,243,81,4.11797,379,62
"Participant46","SDH","C","C2-SDH","IMA",290,93046,321,90,4.39991,792,75
"Participant46","SDH","C","C2-SDH","SUB",194,60222,311,113,4.17229,792,75
"Participant46","ST","C","C3-ST","IMA",251,99643,397,125,3.86864,784,108
"Participant46","ST","C","C3-ST","SUB",186,67237,361,128,3.85576,784,108
"Participant40","LC","E","E1-LC","IMA",336,129015,484,139,3.6292,497,53
"Participant40","LC","E","E1-LC","SUB",270,135944,509,141,3.72188,497,53
"Participant40","SDH","E","E2-SDH","IMA",339,133333,393,108,3.40859,912,65
"Participant40","SDH","E","E2-SDH","SUB",248,103005,416,98,3.55187,912,65
"Participant40","ST","E","E3-ST","IMA",280,194534,695,86,3.36093,521,61
"Participant40","ST","E","E3-ST","SUB",199,45294,228,84,3.49474,521,61
"Participant40","LC","C","C1-LC","IMA",297,228327,769,69,3.42017,379,62
"Participant40","LC","C","C1-LC","SUB",239,36041,151,67,3.52931,379,62
"Participant40","SDH","C","C2-SDH","IMA",323,163033,504,126,3.44055,792,75
"Participant40","SDH","C","C2-SDH","SUB",229,101299,443,129,3.52459,792,75
"Participant40","ST","C","C3-ST","IMA",281,182057,647,152,3.20572,784,108
"Participant40","ST","C","C3-ST","SUB",226,100991,447,153,3.36947,784,108
"Participant28","LC","E","E1-LC","IMA",291,96399,431,49,5.8594,497,53
"Participant28","LC","E","E1-LC","SUB",303,126351,417,73,5.81493,497,53
"Participant28","SDH","E","E2-SDH","IMA",229,69052,302,103,5.25508,912,65
"Participant28","SDH","E","E2-SDH","SUB",232,53336,230,96,5.31692,912,65
"Participant28","ST","E","E3-ST","IMA",268,144209,538,95,5.18626,521,61
"Participant28","ST","E","E3-ST","SUB",226,37731,167,78,5.1784,521,61
"Participant14","LC","C","C1-LC","IMA",295,212735,720,60,3.11425,379,62
"Participant14","LC","C","C1-LC","SUB",229,35237,154,59,3.11786,379,62
"Participant14","SDH","C","C2-SDH","IMA",297,143373,483,98,3.35424,792,75
"Participant14","SDH","C","C2-SDH","SUB",215,95777,445,96,3.36008,792,75
"Participant14","ST","C","C3-ST","IMA",238,159574,670,132,2.97966,784,108
"Participant14","ST","C","C3-ST","SUB",201,83692,416,132,3.08465,784,108
"Participant5","LC","C","C1-LC","IMA",363,218986,604,73,4.7657,379,62
"Participant5","LC","C","C1-LC","SUB",276,57451,208,72,4.86042,379,62
"Participant5","SDH","C","C2-SDH","IMA",408,152225,373,98,5.00497,792,75
"Participant5","SDH","C","C2-SDH","SUB",271,116489,430,100,4.76662,792,75
"Participant5","ST","C","C3-ST","IMA",326,166817,512,132,4.69006,784,108
"Participant5","ST","C","C3-ST","SUB",271,125596,463,131,4.66102,784,108
"Participant14","LC","E","E1-LC","IMA",314,124236,596,128,4.58999,497,53
"Participant14","LC","E","E1-LC","SUB",233,130452,560,120,4.44218,497,53
"Participant14","SDH","E","E2-SDH","IMA",291,120580,414,95,3.90554,912,65
"Participant14","SDH","E","E2-SDH","SUB",204,83598,410,88,3.93326,912,65
"Participant14","ST","E","E3-ST","IMA",271,172296,635,83,3.97543,521,61
"Participant14","ST","E","E3-ST","SUB",188,43781,233,75,3.86379,521,61
"Participant46","LC","E","E1-LC","IMA",252,66544,364,92,4.30483,497,53
"Participant46","LC","E","E1-LC","SUB",200,48300,244,100,4.2121,497,53
"Participant46","SDH","E","E2-SDH","IMA",335,111755,334,79,4.12223,912,65
"Participant46","SDH","E","E2-SDH","SUB",196,82009,419,91,3.98705,912,65
"Participant46","ST","E","E3-ST","IMA",268,136704,510,70,3.91235,521,61
"Participant46","ST","E","E3-ST","SUB",196,49833,254,79,3.89211,521,61
"Participant5","LC","E","E1-LC","IMA",354,138630,515,136,5.62094,497,53
"Participant5","LC","E","E1-LC","SUB",276,139127,520,122,5.24411,497,53
"Participant5","SDH","E","E2-SDH","IMA",375,102400,273,98,5.26399,912,65
"Participant5","SDH","E","E2-SDH","SUB",272,130897,481,90,5.16944,912,65
"Participant5","ST","E","E3-ST","IMA",351,178214,508,68,5.0819,521,61
"Participant5","ST","E","E3-ST","SUB",235,64227,273,66,5.08081,521,61
"Participant28","LC","C","C1-LC","IMA",267,185483,694,81,5.01817,379,62
"Participant28","LC","C","C1-LC","SUB",231,28007,121,74,5.03557,379,62
"Participant28","SDH","C","C2-SDH","IMA",293,125322,428,125,4.92842,792,75
"Participant28","SDH","C","C2-SDH","SUB",233,86884,373,134,4.847,792,75
"Participant28","ST","C","C3-ST","IMA",282,169333,601,176,4.90184,784,108
"Participant28","ST","C","C3-ST","SUB",216,83176,385,177,4.93522,784,108
"Participant49","LC","E","E1-LC","IMA",424,231572,546,101,3.69437,497,53
"Participant49","LC","E","E1-LC","SUB",181,39096,216,90,3.55367,497,53
"Participant49","SDH","E","E2-SDH","IMA",296,102341,346,86,3.33986,912,65
"Participant49","SDH","E","E2-SDH","SUB",206,96438,468,91,3.25648,912,65
"Participant49","ST","E","E3-ST","IMA",405,232337,574,45,3.57771,521,61
"Participant49","ST","E","E3-ST","SUB",192,15541,81,44,3.43682,521,61
"Participant49","LC","C","C1-LC","IMA",287,182326,636,67,3.29173,379,62
"Participant49","LC","C","C1-LC","SUB",186,48482,260,66,3.2297,379,62
"Participant49","SDH","C","C2-SDH","IMA",325,88847,273,68,3.21344,792,75
"Participant49","SDH","C","C2-SDH","SUB",187,114877,613,73,2.96773,792,75
"Participant49","ST","C","C3-ST","IMA",236,64064,272,97,3.12476,784,108
"Participant49","ST","C","C3-ST","SUB",202,170078,842,97,3.07302,784,108
"Participant6","LC","E","E1-LC","IMA",214,65243,345,95,4.88824,497,53
"Participant6","LC","E","E1-LC","SUB",98,20100,206,86,4.66428,497,53
"Participant6","SDH","E","E2-SDH","IMA",199,65860,331,54,4.50083,912,65
"Participant6","SDH","E","E2-SDH","SUB",124,8324,67,51,4.26389,912,65
"Participant6","ST","E","E3-ST","IMA",217,115938,534,56,4.6399,521,61
"Participant6","ST","E","E3-ST","SUB",145,14915,103,51,4.45169,521,61
"Participant38","LC","C","C1-LC","IMA",243,201878,831,66,3.46703,379,62
"Participant38","LC","C","C1-LC","SUB",147,22906,156,66,3.51276,379,62
"Participant38","SDH","C","C2-SDH","IMA",288,192119,667,40,3.49404,792,75
"Participant38","SDH","C","C2-SDH","SUB",137,15840,116,41,3.31419,792,75
"Participant38","ST","C","C3-ST","IMA",235,208167,886,47,3.26044,784,108
"Participant38","ST","C","C3-ST","SUB",153,25296,165,46,3.23279,784,108
"Participant38","LC","E","E1-LC","IMA",448,228159,509,90,3.71297,497,53
"Participant38","LC","E","E1-LC","SUB",217,47340,240,88,3.72248,497,53
"Participant38","SDH","E","E2-SDH","IMA",477,87361,183,58,3.57063,912,65
"Participant38","SDH","E","E2-SDH","SUB",314,134957,430,57,3.76015,912,65
"Participant38","ST","E","E3-ST","IMA",415,229319,553,41,3.4144,521,61
"Participant38","ST","E","E3-ST","SUB",156,12658,81,39,3.21241,521,61
"Participant45","LC","E","E1-LC","IMA",266,111878,600,111,3.34671,497,53
"Participant45","LC","E","E1-LC","SUB",200,100868,523,99,3.33345,497,53
"Participant45","SDH","E","E2-SDH","IMA",168,42779,255,53,3.18856,912,65
"Participant45","SDH","E","E2-SDH","SUB",146,35273,242,56,3.1924,912,65
"Participant45","ST","E","E3-ST","IMA",203,122095,601,54,3.13283,521,61
"Participant45","ST","E","E3-ST","SUB",150,27566,184,54,3.18869,521,61
"Participant6","LC","C","C1-LC","IMA",212,137581,650,61,4.5397,379,62
"Participant6","LC","C","C1-LC","SUB",159,22322,140,59,4.38917,379,62
"Participant6","SDH","C","C2-SDH","IMA",250,106592,426,97,4.42584,792,75
"Participant6","SDH","C","C2-SDH","SUB",146,52870,362,110,4.24724,792,75
"Participant6","ST","C","C3-ST","IMA",234,85474,366,104,4.62935,784,108
"Participant6","ST","C","C3-ST","SUB",177,48415,273,118,4.46073,784,108
"Participant15","LC","E","E1-LC","IMA",183,28365,264,88,5.51413,497,53
"Participant15","LC","E","E1-LC","SUB",162,27735,196,80,4.99693,497,53
"Participant15","SDH","E","E2-SDH","IMA",170,27201,160,45,5.48709,912,65
"Participant15","SDH","E","E2-SDH","SUB",139,7900,57,41,5.4185,912,65
"Participant15","ST","E","E3-ST","IMA",210,65129,310,34,5.04052,521,61
"Participant15","ST","E","E3-ST","SUB",203,12181,60,31,5.21209,521,61
"Participant15","LC","C","C1-LC","IMA",191,17040,89,22,5.22835,379,62
"Participant15","LC","C","C1-LC","SUB",172,10315,60,20,5.06669,379,62
"Participant15","SDH","C","C2-SDH","IMA",251,40102,160,53,4.98331,792,75
"Participant15","SDH","C","C2-SDH","SUB",153,6749,44,40,4.88161,792,75
"Participant15","ST","C","C3-ST","IMA",194,14777,76,26,4.78461,784,108
"Participant15","ST","C","C3-ST","SUB",197,5116,26,15,4.74553,784,108
"Participant30","LC","C","C1-LC","IMA",308,189989,616,65,4.59872,379,62
"Participant30","LC","C","C1-LC","SUB",270,42696,158,65,4.59265,379,62
"Participant30","SDH","C","C2-SDH","IMA",320,138694,433,125,4.57357,792,75
"Participant30","SDH","C","C2-SDH","SUB",300,107618,359,130,4.45853,792,75
"Participant30","ST","C","C3-ST","IMA",294,134781,458,115,3.9315,784,108
"Participant30","ST","C","C3-ST","SUB",285,127381,447,119,3.9342,784,108
"Participant45","LC","C","C1-LC","IMA",184,78066,425,33,3.02416,379,62
"Participant45","LC","C","C1-LC","SUB",189,19891,105,29,3.4524,379,62
"Participant45","SDH","C","C2-SDH","IMA",195,94364,483,80,2.96071,792,75
"Participant45","SDH","C","C2-SDH","SUB",190,70332,370,78,3.18399,792,75
"Participant45","ST","C","C3-ST","IMA",187,54739,292,57,2.992,784,108
"Participant45","ST","C","C3-ST","SUB",160,36264,226,60,3.2861,784,108
"Participant30","LC","E","E1-LC","IMA",335,136992,559,139,4.96941,497,53
"Participant30","LC","E","E1-LC","SUB",309,118474,458,131,4.92804,497,53
"Participant30","SDH","E","E2-SDH","IMA",309,126174,408,103,4.48388,912,65
"Participant30","SDH","E","E2-SDH","SUB",302,97469,323,101,4.4788,912,65
"Participant30","ST","E","E3-ST","IMA",300,115208,384,61,4.76395,521,61
"Participant30","ST","E","E3-ST","SUB",240,67392,281,74,4.88017,521,61
"Participant29","ST","E","E1-ST","IMA",301,124735,414,75,3.35565,480,47
"Participant29","ST","E","E1-ST","SUB",258,104937,407,73,3.33773,480,47
"Participant29","LC","E","E2-LC","IMA",462,118673,435,90,3.2931,674,63
"Participant29","LC","E","E2-LC","SUB",299,136375,513,114,3.24668,674,63
"Participant29","SDH","E","E3-SDH","IMA",317,166484,526,81,3.21734,574,65
"Participant29","SDH","E","E3-SDH","SUB",252,84927,337,78,3.46857,574,65
"Participant41","ST","C","C1-ST","IMA",235,147742,629,108,4.6702,399,55
"Participant41","ST","C","C1-ST","SUB",179,38571,215,105,4.71537,399,55
"Participant41","LC","C","C2-LC","IMA",261,108232,414,116,4.6842,569,80
"Participant41","LC","C","C2-LC","SUB",202,62128,308,131,4.63308,569,80
"Participant41","SDH","C","C3-SDH","IMA",201,116797,581,189,4.50654,986,116
"Participant41","SDH","C","C3-SDH","SUB",165,90544,549,213,4.48479,986,116
"Participant47","ST","E","E1-ST","IMA",310,129138,416,80,4.67319,480,47
"Participant47","ST","E","E1-ST","SUB",193,35456,184,75,4.63761,480,47
"Participant47","LC","E","E2-LC","IMA",273,83644,462,112,4.39162,674,63
"Participant47","LC","E","E2-LC","SUB",253,110535,500,138,4.5395,674,63
"Participant47","SDH","E","E3-SDH","IMA",338,147711,437,95,4.33771,574,65
"Participant47","SDH","E","E3-SDH","SUB",215,42954,200,104,4.41649,574,65
"Participant29","ST","C","C1-ST","IMA",386,210995,546,69,3.30582,399,55
"Participant29","ST","C","C1-ST","SUB",312,70767,227,63,3.34152,399,55
"Participant29","LC","C","C2-LC","IMA",361,129737,359,29,3.04024,569,80
"Participant29","LC","C","C2-LC","SUB",327,61093,187,29,3.15587,569,80
"Participant29","SDH","C","C3-SDH","IMA",201,51781,257,87,2.88911,986,116
"Participant29","SDH","C","C3-SDH","SUB",247,109817,444,80,3.07538,986,116
"Participant47","ST","C","C1-ST","IMA",296,141007,476,107,4.8147,399,55
"Participant47","ST","C","C1-ST","SUB",361,65300,181,93,4.93333,399,55
"Participant47","LC","C","C2-LC","IMA",330,134010,406,92,4.7087,569,80
"Participant47","LC","C","C2-LC","SUB",254,53871,212,103,4.83563,569,80
"Participant47","SDH","C","C3-SDH","IMA",276,116064,420,151,4.35064,986,116
"Participant47","SDH","C","C3-SDH","SUB",219,84920,387,173,4.46233,986,116
"Participant7","ST","C","C1-ST","IMA",378,176341,466,57,6.18078,399,55
"Participant7","ST","C","C1-ST","SUB",334,103781,311,58,6.34156,399,55
"Participant7","LC","C","C2-LC","IMA",443,131562,297,44,5.73018,569,80
"Participant7","LC","C","C2-LC","SUB",341,142956,419,49,5.68716,569,80
"Participant7","SDH","C","C3-SDH","IMA",321,67027,209,86,5.55894,986,116
"Participant7","SDH","C","C3-SDH","SUB",334,230860,692,96,5.74295,986,116
"Participant41","ST","E","E1-ST","IMA",272,126346,465,75,4.89616,480,47
"Participant41","ST","E","E1-ST","SUB",190,40345,212,84,4.78604,480,47
"Participant41","LC","E","E2-LC","IMA",311,68660,395,106,4.72548,674,63
"Participant41","LC","E","E2-LC","SUB",215,47102,247,122,4.66301,674,63
"Participant41","SDH","E","E3-SDH","IMA",265,163234,615,96,4.74824,574,65
"Participant41","SDH","E","E3-SDH","SUB",174,47113,270,113,4.85781,574,65
"Participant7","ST","E","E1-ST","IMA",337,129028,383,55,6.32885,480,47
"Participant7","ST","E","E1-ST","SUB",296,109597,370,56,6.14952,480,47
"Participant7","LC","E","E2-LC","IMA",290,86549,478,99,5.79381,674,63
"Participant7","LC","E","E2-LC","SUB",263,157078,601,120,5.90392,674,63
"Participant7","SDH","E","E3-SDH","IMA",319,149385,468,76,5.43032,574,65
"Participant7","SDH","E","E3-SDH","SUB",259,101156,391,75,5.50131,574,65
"Participant35","ST","E","E1-ST","IMA",472,137465,291,51,4.55783,480,47
"Participant35","ST","E","E1-ST","SUB",440,96846,220,57,4.62935,480,47
"Participant35","LC","E","E2-LC","IMA",430,103089,419,137,4.11225,674,63
"Participant35","LC","E","E2-LC","SUB",332,107217,379,145,4.28354,674,63
"Participant35","SDH","E","E3-SDH","IMA",456,167845,368,82,4.06261,574,65
"Participant35","SDH","E","E3-SDH","SUB",337,87631,260,78,4.16391,574,65
"Participant48","ST","E","E1-ST","IMA",280,148511,531,70,6.3681,480,47
"Participant48","ST","E","E1-ST","SUB",175,55876,319,68,6.4325,480,47
"Participant48","LC","E","E2-LC","IMA",232,104651,500,149,6.03555,674,63
"Participant48","LC","E","E2-LC","SUB",179,87914,500,133,6.30705,674,63
"Participant48","SDH","E","E3-SDH","IMA",354,161905,457,90,5.84972,574,65
"Participant48","SDH","E","E3-SDH","SUB",211,72870,346,87,5.95897,574,65
"Participant43","ST","C","C1-ST","IMA",501,210117,419,65,4.93798,399,55
"Participant43","ST","C","C1-ST","SUB",300,67251,224,63,4.9232,399,55
"Participant43","LC","C","C2-LC","IMA",571,143935,252,59,5.22332,569,80
"Participant43","LC","C","C2-LC","SUB",307,121329,395,62,5.07842,569,80
"Participant43","SDH","C","C3-SDH","IMA",318,109798,345,122,4.61831,986,116
"Participant43","SDH","C","C3-SDH","SUB",249,175565,705,122,4.63119,986,116
"Participant17","ST","E","E1-ST","IMA",269,115562,430,66,5.74621,480,47
"Participant17","ST","E","E1-ST","SUB",265,67903,256,75,5.32379,480,47
"Participant17","LC","E","E2-LC","IMA",268,71618,447,144,4.93156,674,63
"Participant17","LC","E","E2-LC","SUB",272,132757,521,138,5.02988,674,63
"Participant17","SDH","E","E3-SDH","IMA",265,128560,485,88,5.16295,574,65
"Participant17","SDH","E","E3-SDH","SUB",243,78946,325,90,5.15952,574,65
"Participant35","ST","C","C1-ST","IMA",352,215045,611,79,4.11145,399,55
"Participant35","ST","C","C1-ST","SUB",264,59938,227,77,4.15037,399,55
"Participant35","LC","C","C2-LC","IMA",476,181770,382,80,4.26439,569,80
"Participant35","LC","C","C2-LC","SUB",329,99299,302,83,4.33357,569,80
"Participant35","SDH","C","C3-SDH","IMA",347,148148,427,160,3.85864,986,116
"Participant35","SDH","C","C3-SDH","SUB",277,147248,531,159,3.95198,986,116
"Participant17","ST","C","C1-ST","IMA",293,166282,568,80,4.70315,399,55
"Participant17","ST","C","C1-ST","SUB",310,100189,323,81,4.74947,399,55
"Participant17","LC","C","C2-LC","IMA",329,141525,430,82,4.87652,569,80
"Participant17","LC","C","C2-LC","SUB",294,120418,409,82,4.64318,569,80
"Participant17","SDH","C","C3-SDH","IMA",237,54538,230,98,4.38006,986,116
"Participant17","SDH","C","C3-SDH","SUB",313,231882,742,116,4.45084,986,116
"Participant8","ST","C","C1-ST","IMA",397,215951,544,62,5.60521,399,55
"Participant8","ST","C","C1-ST","SUB",332,67117,202,61,5.65369,399,55
"Participant8","LC","C","C2-LC","IMA",445,207822,467,51,5.42488,569,80
"Participant8","LC","C","C2-LC","SUB",356,57651,162,48,5.40401,569,80
"Participant8","SDH","C","C3-SDH","IMA",361,183349,508,94,4.87705,986,116
"Participant8","SDH","C","C3-SDH","SUB",247,102975,417,88,4.93085,986,116
"Participant8","ST","E","E1-ST","IMA",410,156102,381,52,6.00255,480,47
"Participant8","ST","E","E1-ST","SUB",287,73257,255,57,5.89094,480,47
"Participant8","LC","E","E2-LC","IMA",343,112359,428,112,5.58216,674,63
"Participant8","LC","E","E2-LC","SUB",283,134772,515,128,5.61496,674,63
"Participant8","SDH","E","E3-SDH","IMA",323,162387,503,65,5.60171,574,65
"Participant8","SDH","E","E3-SDH","SUB",208,38089,183,72,5.49649,574,65
"Participant48","ST","C","C1-ST","IMA",181,107667,594,94,5.65959,399,55
"Participant48","ST","C","C1-ST","SUB",157,52889,337,114,5.79379,399,55
"Participant48","LC","C","C2-LC","IMA",228,115918,508,71,5.70079,569,80
"Participant48","LC","C","C2-LC","SUB",149,44887,302,74,5.78452,569,80
"Participant48","SDH","C","C3-SDH","IMA",160,58879,368,114,5.59494,986,116
"Participant48","SDH","C","C3-SDH","SUB",137,48528,353,145,5.83704,986,116
"Participant43","ST","E","E1-ST","IMA",441,155318,352,65,5.26022,480,47
"Participant43","ST","E","E1-ST","SUB",290,88207,304,65,4.99116,480,47
"Participant43","LC","E","E2-LC","IMA",376,87543,386,115,4.9111,674,63
"Participant43","LC","E","E2-LC","SUB",274,156130,584,106,4.88286,674,63
"Participant43","SDH","E","E3-SDH","IMA",417,157231,377,76,4.79391,574,65
"Participant43","SDH","E","E3-SDH","SUB",308,96182,312,75,4.86966,574,65
"Participant34","ST","C","C1-ST","IMA",170,111929,660,58,3.6958,399,55
"Participant34","ST","C","C1-ST","SUB",162,43580,269,57,3.99386,399,55
"Participant34","LC","C","C2-LC","IMA",238,136034,572,76,3.61173,569,80
"Participant34","LC","C","C2-LC","SUB",171,69079,404,71,3.78017,569,80
"Participant34","SDH","C","C3-SDH","IMA",192,81818,427,114,3.59176,986,116
"Participant34","SDH","C","C3-SDH","SUB",137,100202,730,121,3.68151,986,116
"Participant18","ST","C","C1-ST","IMA",404,199806,494,67,4.28787,399,55
"Participant18","ST","C","C1-ST","SUB",332,87544,264,66,4.41836,399,55
"Participant18","LC","C","C2-LC","IMA",640,195255,305,70,4.34312,569,80
"Participant18","LC","C","C2-LC","SUB",454,92251,203,79,4.26417,569,80
"Participant18","SDH","C","C3-SDH","IMA",463,134674,291,110,3.8825,986,116
"Participant18","SDH","C","C3-SDH","SUB",319,180885,567,107,3.94483,986,116
"Participant9","ST","E","E1-ST","IMA",222,49283,222,26,5.82083,480,47
"Participant9","ST","E","E1-ST","SUB",126,8333,66,24,5.42001,480,47
"Participant9","LC","E","E2-LC","IMA",166,38959,274,77,5.79207,674,63
"Participant9","LC","E","E2-LC","SUB",147,25901,189,86,5.90792,674,63
"Participant9","SDH","E","E3-SDH","IMA",279,158044,566,45,5.62183,574,65
"Participant9","SDH","E","E3-SDH","SUB",210,12582,60,39,5.70992,574,65
"Participant42","ST","E","E1-ST","IMA",457,233082,510,20,4.40223,480,47
"Participant42","ST","E","E1-ST","SUB",277,19924,72,20,4.30772,480,47
"Participant42","LC","E","E2-LC","IMA",313,142543,456,63,4.28806,674,63
"Participant42","LC","E","E2-LC","SUB",234,84095,401,62,4.2633,674,63
"Participant42","SDH","E","E3-SDH","IMA",367,219714,598,47,4.07891,574,65
"Participant42","SDH","E","E3-SDH","SUB",198,27864,141,39,4.13284,574,65
"Participant37","ST","E","E1-ST","IMA",249,115187,462,36,4.20186,480,47
"Participant37","ST","E","E1-ST","SUB",165,34904,211,51,3.92533,480,47
"Participant37","LC","E","E2-LC","IMA",237,71709,383,25,3.76575,674,63
"Participant37","LC","E","E2-LC","SUB",160,52531,377,89,3.8649,674,63
"Participant37","SDH","E","E3-SDH","IMA",221,101437,459,106,3.99094,574,65
"Participant37","SDH","E","E3-SDH","SUB",146,33972,233,51,4.01924,574,65
"Participant18","ST","E","E1-ST","IMA",430,137657,320,57,4.84158,480,47
"Participant18","ST","E","E1-ST","SUB",318,103441,325,57,4.68845,480,47
"Participant18","LC","E","E2-LC","IMA",466,96917,208,103,4.24174,674,63
"Participant18","LC","E","E2-LC","SUB",359,111629,327,99,4.27733,674,63
"Participant18","SDH","E","E3-SDH","IMA",388,181272,467,69,4.17865,574,65
"Participant18","SDH","E","E3-SDH","SUB",263,76826,292,68,4.24977,574,65
"Participant9","ST","C","C1-ST","IMA",164,22530,137,24,4.78456,399,55
"Participant9","ST","C","C1-ST","SUB",156,8248,53,23,4.66677,399,55
"Participant9","LC","C","C2-LC","IMA",165,71866,435,30,4.90094,569,80
"Participant9","LC","C","C2-LC","SUB",238,2141,9,8,4.95326,569,80
"Participant9","SDH","C","C3-SDH","IMA",159,4599,29,8,4.83746,986,116
"Participant9","SDH","C","C3-SDH","SUB",150,900,6,3,5.09376,986,116
"Participant34","ST","E","E1-ST","IMA",251,130620,521,65,4.2316,480,47
"Participant34","ST","E","E1-ST","SUB",139,39021,280,70,4.13233,480,47
"Participant34","LC","E","E2-LC","IMA",227,80579,411,98,4.16571,674,63
"Participant34","LC","E","E2-LC","SUB",135,60796,482,108,4.22709,674,63
"Participant34","SDH","E","E3-SDH","IMA",236,139098,589,80,4.00912,574,65
"Participant34","SDH","E","E3-SDH","SUB",156,52035,333,86,4.12948,574,65
"Participant42","ST","C","C1-ST","IMA",303,235881,779,49,4.20704,399,55
"Participant42","ST","C","C1-ST","SUB",251,37945,151,47,4.24723,399,55
"Participant42","LC","C","C2-LC","IMA",406,261773,645,32,4.08833,569,80
"Participant42","LC","C","C2-LC","SUB",266,11716,54,31,4.08294,569,80
"Participant42","SDH","C","C3-SDH","IMA",382,278224,729,36,4.01292,986,116
"Participant42","SDH","C","C3-SDH","SUB",228,20782,91,40,3.93491,986,116
"Participant37","ST","C","C1-ST","IMA",210,149852,715,53,3.52673,399,55
"Participant37","ST","C","C1-ST","SUB",161,50783,316,56,3.56489,399,55
"Participant37","LC","C","C2-LC","IMA",254,125593,495,52,3.42297,569,80
"Participant37","LC","C","C2-LC","SUB",149,59602,401,61,3.42975,569,80
"Participant37","SDH","C","C3-SDH","IMA",223,84490,379,72,3.25948,986,116
"Participant37","SDH","C","C3-SDH","SUB",149,99865,671,82,3.39958,986,116
