Recording	Participant	Timeline	TOI	Interval	Media	AOI	Duration_of_interval	Start_of_interval	Last_key_press	Total_duration_of_fixations	Average_duration_of_fixations	Minimum_duration_of_fixations	Maximum_duration_of_fixations	Number_of_fixations	Time_to_first_fixation	Duration_of_first_fixation	Last_AOI_viewed	AOI_at_interval_end	Average_pupil_diameter	Total_duration_of_whole_fixations	Average_duration_of_whole_fixations	Minimum_duration_of_whole_fixations	Maximum_duration_of_whole_fixations	Number_of_whole_fixations	Time_to_first_whole_fixation	Duration_of_first_whole_fixation	Average_whole-fixation_pupil_diameter	Total_duration_of_Visit	Average_duration_of_Visit	Minimum_duration_of_Visit	Maximum_duration_of_Visit	Number_of_Visits	Time_to_first_Visit	Duration_of_first_Visit	Total_duration_of_Glances	Average_duration_of_Glances	Minimum_duration_of_Glances	Maximum_duration_of_Glances	Number_of_Glances	Time_to_first_Glance	Duration_of_first_Glance	Number_of_mouse_clicks	Time_to_first_mouse_click	Time_from_first_fixation_to_mouse_click	Number_of_mouse_clicks_and_releases	Time_to_first_mouse_click_and_release	Time_from_first_fixation_to_mouse_click_and_release	Number_of_saccades_in_AOI	Time_to_entry_saccade	Time_to_exit_saccade	Peak_velocity_of_entry_saccade	Peak_velocity_of_exit_saccade	Character_index	Word_index	Sentence_index	AOI_string	Text_unit_type	Number_of_units	First-pass_first_fixation_duration	First-pass_duration	Selective_regression-path_duration	First-pass_regression	Total_duration_of_fixations	Regression-path_duration	Re-reading_duration
Recording7	Participant31	G3-1	E1-SDH	1	E1-SDH	IMA	281561	971208		120138	343	66	2500	350	3441	150	IMA	IMA	5.18673	96486	352	66	2500	274	3441	150	5.19824	135219	1519	75	11799	93	3441	433	138737	1559	100	11841	89	3424	450	0			0			186	4991	5274	387.11	375.26													
Recording7	Participant31	G3-1	E1-SDH	1	E1-SDH	SUB	281561	971208		102512	269	66	3341	381	3916	100	IMA	IMA	5.3213	90690	270	66	3341	336	3916	100	5.31778	121091	1408	83	7266	101	3916	1075	124141	1444	92	7283	86	3891	1100	0			0			168	5274	4991	375.26	387.11													
Recording7	Participant31	G3-1	E2-ST	1	E2-ST	IMA	270231	615961		97002	369	67	3933	263	2951	166	SUB	SUB	4.98496	60572	324	67	1308	187	3142	608	4.95556	109631	1482	83	8591	74	2951	1524	112523	1521	117	8599	74	2951	1524	0			0			126	4867	4475	170.59	58.23													
Recording7	Participant31	G3-1	E2-ST	1	E2-ST	SUB	270231	615961		116096	263	66	3158	442	4509	66	SUB	SUB	5.17205	96796	264	67	3158	366	5584	375	5.1852	139617	1862	68	12104	75	4509	358	142367	1898	85	12121	75	4475	392	0			0			202	4475	4867	58.23	170.59													
Recording7	Participant31	G3-1	E3-LC	1	E3-LC	IMA	291876	209157		95599	329	67	2880	360	0	76	IMA	IMA	5.19344	53211	302	67	2033	176	284	217	5.16027	104947	1566	91	10232	99	0	6392	107297	1601	100	10274	67	0	6392	0			0			108	11041	6392	162.03	388.25													
Recording7	Participant31	G3-1	E3-LC	1	E3-LC	SUB	291876	209157		121730	235	66	1358	518	6458	208	IMA	IMA	5.45989	101798	228	66	1317	446	6458	208	5.44662	177122	2847	75	30743	142	6458	208	166656	2873	125	30751	58	6392	275	0			0			219	6392	24198	388.25	208.48													
Recording7	Participant31	G3-1	Entire Recording	1	AF1,AF2,AF3,age,deafness,E1-SDH,E2-ST,E3-LC,education,EE1,EE2,EE3,ENJ1,ENJ2,gender,language,NP1,NP2,NP3,NU1,NU2,NU3,pref (1),SD1	IMA	1310887	0	1	120138	343	66	2500	350	974649	150	IMA		5.18673	96486	352	66	2500	274	974649	150	5.19824	135219	1519	75	11799	89	974649	433	138737	1559	100	11841	89	974632	450	0			0			186	976199	976482	387.11	375.26													
Recording7	Participant31	G3-1	Entire Recording	1	AF1,AF2,AF3,age,deafness,E1-SDH,E2-ST,E3-LC,education,EE1,EE2,EE3,ENJ1,ENJ2,gender,language,NP1,NP2,NP3,NU1,NU2,NU3,pref (1),SD1	IMA	1310887	0	1	97002	369	67	3933	263	618912	166	IMA		4.98496	60572	324	67	1308	187	619103	608	4.95556	109631	1482	83	8591	74	618912	1524	112523	1521	117	8599	74	618912	1524	0			0			126	620828	620436	170.59	58.23													
Recording7	Participant31	G3-1	Entire Recording	1	AF1,AF2,AF3,age,deafness,E1-SDH,E2-ST,E3-LC,education,EE1,EE2,EE3,ENJ1,ENJ2,gender,language,NP1,NP2,NP3,NU1,NU2,NU3,pref (1),SD1	IMA	1310887	0	1	85599	329	67	2880	260	209157	76	IMA		5.19344	53211	302	67	2033	176	209441	217	5.16027	104947	1566	91	10232	67	209157	6392	107297	1601	100	10274	67	209157	6392	0			0			108	220198	215549	162.03	388.25													
Recording7	Participant31	G3-1	Entire Recording	1	AF1,AF2,AF3,age,deafness,E1-SDH,E2-ST,E3-LC,education,EE1,EE2,EE3,ENJ1,ENJ2,gender,language,NP1,NP2,NP3,NU1,NU2,NU3,pref (1),SD1	SUB	1310887	0	1	102512	269	66	3341	381	975124	100	IMA		5.3213	90690	270	66	3341	336	975124	100	5.31778	121091	1408	83	7266	86	975124	1075	124141	1444	92	7283	86	975099	1100	0			0			168	976482	976199	375.26	387.11													
Recording7	Participant31	G3-1	Entire Recording	1	AF1,AF2,AF3,age,deafness,E1-SDH,E2-ST,E3-LC,education,EE1,EE2,EE3,ENJ1,ENJ2,gender,language,NP1,NP2,NP3,NU1,NU2,NU3,pref (1),SD1	SUB	1310887	0	1	116096	263	66	3158	442	620470	66	IMA		5.17205	96796	264	67	3158	366	621545	375	5.1852	139617	1862	68	12104	75	620470	358	142367	1898	85	12121	75	620436	392	0			0			202	620436	620828	58.23	170.59													
Recording7	Participant31	G3-1	Entire Recording	1	AF1,AF2,AF3,age,deafness,E1-SDH,E2-ST,E3-LC,education,EE1,EE2,EE3,ENJ1,ENJ2,gender,language,NP1,NP2,NP3,NU1,NU2,NU3,pref (1),SD1	SUB	1310887	0	1	126573	235	66	1358	539	215615	208	IMA		5.45989	101798	228	66	1317	446	215615	208	5.44662	165124	2847	75	30743	58	215615	208	166656	2873	125	30751	58	215549	275	0			0			219	215549	233355	388.25	208.48													
Recording2	Participant3	G3-2	C1-SDH	1	C1-SDH	IMA	323669	301031		135809	260	66	3800	522	0	169	IMA		4.42384	99988	243	66	1700	411	219	217	4.38114	213416	2964	67	23544	72	0	2986	214862	2984	67	23578	72	0	2986	0			0			183	36309	2986	315.61	186.44													
Recording2	Participant3	G3-2	C1-SDH	1	C1-SDH	SUB	323669	301031		27249	188	67	1608	145	3019	133	IMA		4.85311	23674	192	67	1608	123	3019	133	4.87375	40747	608	67	7124	80	3019	133	42737	638	83	7132	67	2986	167	0			0			19	2986	20252	186.44	39.83													
Recording2	Participant3	G3-2	C2-ST	1	C2-ST	IMA	314471	1388866		124398	264	67	2166	472	13	100	IMA	IMA	4.49499	91370	268	67	2166	341	13	100	4.49611	193905	2894	75	20411	67	13	5825	195377	2916	92	20428	67	0	5838	0			0			166	224743	13685	313.87	415.35													
Recording2	Participant3	G3-2	C2-ST	1	C2-ST	SUB	314471	1388866		24531	152	66	958	161	6846	125	IMA	IMA	4.52618	22248	157	67	958	142	6846	125	4.57463	39049	710	67	6122	55	6846	591	40481	736	75	6139	55	6830	608	0			0			38	13685	47236	415.35	37.26													
Recording2	Participant3	G3-2	C3-LC	1	C3-LC	IMA	353647	871218		147345	255	66	5758	578	565	325	IMA		4.32274	112777	251	66	1983	450	565	325	4.32943	216191	2184	83	15773	99	565	4050	218856	2211	100	15790	99	548	4066	0			0			215	118761	19566	212.43	232.15													
Recording2	Participant3	G3-2	C3-LC	1	C3-LC	SUB	353647	871218		15991	143	66	616	112	7718	75	IMA		4.66595	14832	141	66	616	105	7718	75	4.68531	24860	316	66	1675	66	7718	75	22990	348	67	1733	66	7701	92	0			0			23	25482	28240	262.9	42.29													
Recording2	Participant3	G3-2	Entire Recording	1	AF1,AF2,AF3,C1-SDH,C2-ST,C3-LC,EE1,EE2,EE3,ENJ1,ENJ2,NP1,NP2,NP3,NU1,NU2,NU3,pref,SD1	IMA	2027263	0	1	124398	264	67	2166	472	1388880	100	IMA		4.49499	91370	268	67	2166	341	1388880	100	4.49611	193905	2894	75	20411	67	1388880	5825	195380	2916	92	20428	67	1388863	5841	0			0			166	1613609	1402551	313.87	415.35													
Recording2	Participant3	G3-2	Entire Recording	1	AF1,AF2,AF3,C1-SDH,C2-ST,C3-LC,EE1,EE2,EE3,ENJ1,ENJ2,NP1,NP2,NP3,NU1,NU2,NU3,pref,SD1	IMA	2027263	0	1	135809	260	66	3800	522	301031	169	IMA		4.42384	99988	243	66	1700	411	301250	217	4.38114	213416	2964	67	23544	72	301031	2986	214862	2984	67	23578	72	301031	2986	0			0			183	337339	304017	315.61	186.44													
Recording2	Participant3	G3-2	Entire Recording	1	AF1,AF2,AF3,C1-SDH,C2-ST,C3-LC,EE1,EE2,EE3,ENJ1,ENJ2,NP1,NP2,NP3,NU1,NU2,NU3,pref,SD1	IMA	2027263	0	1	147345	255	66	5758	578	871783	325	IMA		4.32274	112777	251	66	1983	450	871783	325	4.32943	216191	2184	83	15773	99	871783	4050	218856	2211	100	15790	99	871766	4066	0			0			215	989979	890784	212.43	232.15													
Recording2	Participant3	G3-2	Entire Recording	1	AF1,AF2,AF3,C1-SDH,C2-ST,C3-LC,EE1,EE2,EE3,ENJ1,ENJ2,NP1,NP2,NP3,NU1,NU2,NU3,pref,SD1	SUB	2027263	0	1	24531	152	66	958	161	1395712	125	IMA		4.52618	22248	157	67	958	142	1395712	125	4.57463	39049	710	67	6122	55	1395712	591	40481	736	75	6139	55	1395696	608	0			0			38	1402551	1436103	415.35	37.26													
Recording2	Participant3	G3-2	Entire Recording	1	AF1,AF2,AF3,C1-SDH,C2-ST,C3-LC,EE1,EE2,EE3,ENJ1,ENJ2,NP1,NP2,NP3,NU1,NU2,NU3,pref,SD1	SUB	2027263	0	1	27249	188	67	1608	145	304050	133	IMA		4.85311	23674	192	67	1608	123	304050	133	4.87375	40747	608	67	7124	67	304050	133	42737	638	83	7132	67	304017	167	0			0			19	304017	321283	186.44	39.83													
Recording2	Participant3	G3-2	Entire Recording	1	AF1,AF2,AF3,C1-SDH,C2-ST,C3-LC,EE1,EE2,EE3,ENJ1,ENJ2,NP1,NP2,NP3,NU1,NU2,NU3,pref,SD1	SUB	2027263	0	1	15991	143	66	616	112	878937	75	IMA		4.66595	14832	141	66	616	105	878937	75	4.68531	20873	316	66	1675	66	878937	75	22990	348	67	1733	66	878920	92	0			0			23	896700	899458	262.9	42.29													
Recording1	Participant3	G3-1	E1-SDH	1	E1-SDH	IMA	281628	317733		81115	212	66	1125	383	0	100	IMA	IMA	5.2158	68041	206	66	1050	331	1250	158	5.20867	150007	2459	67	46095	73	0	4058	151782	2488	83	46112	61	0	4058	0			0			128	19990	4058	278.25	354.99													
Recording1	Participant3	G3-1	E1-SDH	1	E1-SDH	SUB	281628	317733		37904	148	66	533	256	4116	141	IMA	IMA	4.98609	35646	147	66	533	242	4116	141	4.99315	83167	1299	83	6874	77	4116	992	85516	1336	100	6916	64	4058	1050	0			0			57	4058	19990	354.99	278.25													
Recording1	Participant3	G3-1	E2-ST	1	E2-ST	IMA	270230	1497933		85456	178	66	1192	480	2128	175	SUB		4.82237	70684	180	66	1075	393	9923	133	4.85216	211016	6029	67	29481	35	2128	175	211791	6051	83	29497	35	2111	192	0			0			123		10831		444.88													
Recording1	Participant3	G3-1	E2-ST	1	E2-ST	SUB	270230	1497933		8616	131	66	383	66	8435	83	SUB		4.59023	7025	125	66	383	56	8435	83	4.68873	13079	409	75	1492	32	8435	1255	13794	431	75	1508	32	8360	1330	0			0			13	10831		444.88														
Recording1	Participant3	G3-1	E3-LC	1	E3-LC	IMA	291909	998182		53700	173	66	875	310	0	265	IMA		5.21645	43870	173	66	875	254	341	633	5.24016	197401	6807	67	103978	89	0	974	198251	6836	84	104037	29	0	974	0			0			75	1928		547.3														
Recording1	Participant3	G3-1	E3-LC	1	E3-LC	SUB	291909	998182		27614	105	66	217	261	116001	67	IMA		5.13264	7857	106	66	217	74	116001	67	5.11973	42783	1099	67	4641	104	116001	67	31420	1122	83	4658	28	115984	84	0			0			14		138190		81.06													
Recording1	Participant3	G3-1	Entire Recording	1	AF1,AF2,AF3,age,deafness,E1-SDH,E2-ST,E3-LC,education,EE1,EE2,EE3,ENJ1,ENJ2,gender,language,NP1,NP2,NP3,NU1,NU2,NU3,pref,SD1	IMA	2013892	0	1	81115	212	66	1125	383	317733	100	SUB		5.2158	68041	206	66	1050	331	318983	158	5.20867	150007	2459	67	46095	61	317733	4058	151782	2488	83	46112	61	317733	4058	0			0			128	337723	321791	278.25	354.99													
Recording1	Participant3	G3-1	Entire Recording	1	AF1,AF2,AF3,age,deafness,E1-SDH,E2-ST,E3-LC,education,EE1,EE2,EE3,ENJ1,ENJ2,gender,language,NP1,NP2,NP3,NU1,NU2,NU3,pref,SD1	IMA	2013892	0	1	85456	178	66	1192	480	1500061	175	SUB		4.82237	70684	180	66	1075	393	1507856	133	4.85216	211016	6029	67	29481	35	1500061	175	211791	6051	83	29497	35	1500045	192	0			0			123		1508765		444.88													
Recording1	Participant3	G3-1	Entire Recording	1	AF1,AF2,AF3,age,deafness,E1-SDH,E2-ST,E3-LC,education,EE1,EE2,EE3,ENJ1,ENJ2,gender,language,NP1,NP2,NP3,NU1,NU2,NU3,pref,SD1	IMA	2013892	0	1	53700	173	66	875	310	998182	265	SUB		5.21645	43870	173	66	875	254	998523	633	5.24016	197401	6807	67	103978	29	998182	974	198251	6836	84	104037	29	998182	974	0			0			75	1000110		547.3														
Recording1	Participant3	G3-1	Entire Recording	1	AF1,AF2,AF3,age,deafness,E1-SDH,E2-ST,E3-LC,education,EE1,EE2,EE3,ENJ1,ENJ2,gender,language,NP1,NP2,NP3,NU1,NU2,NU3,pref,SD1	SUB	2013892	0	1	37904	148	66	533	256	321849	141	SUB		4.98609	35646	147	66	533	242	321849	141	4.99315	83167	1299	83	6874	64	321849	992	85516	1336	100	6916	64	321791	1050	0			0			57	321791	337723	354.99	278.25													
Recording1	Participant3	G3-1	Entire Recording	1	AF1,AF2,AF3,age,deafness,E1-SDH,E2-ST,E3-LC,education,EE1,EE2,EE3,ENJ1,ENJ2,gender,language,NP1,NP2,NP3,NU1,NU2,NU3,pref,SD1	SUB	2013892	0	1	8616	131	66	383	66	1506368	83	SUB		4.59023	7025	125	66	383	56	1506368	83	4.68873	13079	409	75	1492	32	1506368	1255	13794	431	75	1508	32	1506293	1330	0			0			13	1508765		444.88														
Recording1	Participant3	G3-1	Entire Recording	1	AF1,AF2,AF3,age,deafness,E1-SDH,E2-ST,E3-LC,education,EE1,EE2,EE3,ENJ1,ENJ2,gender,language,NP1,NP2,NP3,NU1,NU2,NU3,pref,SD1	SUB	2013892	0	1	8616	105	66	217	82	1114183	67	SUB		5.13264	7857	106	66	217	74	1114183	67	5.11973	30769	1099	67	4641	28	1114183	67	31420	1122	83	4658	28	1114166	84	0			0			14		1136372		81.06													
Recording9	Participant32	G3-1	E1-SDH	1	E1-SDH	IMA	281545	455359		89500	324	67	2350	276	280	142	IMA		6.25971	84742	323	67	2350	262	464	83	6.26084	112089	1838	67	16215	61	280	2183	114298	1874	83	16232	61	239	2225	0			0			136	4488	3947	291	300.44													
Recording9	Participant32	G3-1	E1-SDH	1	E1-SDH	SUB	281545	455359		79809	596	75	5491	134	4005	200	IMA		6.17211	75593	600	75	5491	126	4005	200	6.17684	83382	1463	75	20356	71	4005	483	85282	1496	83	20373	57	3947	542	0			0			62	3947	4488	300.44	291													
Recording9	Participant32	G3-1	E2-ST	1	E2-ST	IMA	270247	74733		65998	274	67	2133	241	46	100	IMA	IMA	6.20501	56364	261	67	1225	216	46	100	6.23323	87403	1410	67	9999	62	46	8251	89867	1449	83	10057	62	0	8297	0			0			108	12572	8297	411.6	79.43													
Recording9	Participant32	G3-1	E2-ST	1	E2-ST	SUB	270247	74733		100460	342	67	3250	294	8331	217	IMA	IMA	6.23953	91802	339	67	3250	271	8331	217	6.23932	111439	1211	67	6283	92	8331	767	114821	1248	83	6341	92	8297	800	0			0			160	8297	24971	79.43	249.33													
Recording9	Participant32	G3-1	E3-LC	1	E3-LC	IMA	291826	814489		68672	337	67	1958	274	2799	108	SUB	SUB	5.9485	50614	318	67	1800	159	2799	108	5.95229	72993	1872	83	9124	115	2799	3125	74368	1907	100	9174	39	2783	3141	0			0			83	6174	5924	401.14	156.57													
Recording9	Participant32	G3-1	E3-LC	1	E3-LC	SUB	291826	814489		91324	405	66	6233	251	5957	217	SUB	SUB	6.14786	63829	399	67	6233	160	5957	217	6.14899	87177	1446	67	21265	128	5957	217	77015	1481	91	21281	52	5924	250	0			0			92	5924	6174	156.57	401.14													
Recording9	Participant32	G3-1	Entire Recording	1	AF1,AF2,AF3,age,deafness,E1-SDH,E2-ST,E3-LC,education,EE1,EE2,EE3,ENJ1,ENJ2,gender,language,NP1,NP2,NP3,NU1,NU2,NU3,pref (1),SD1	IMA	1174351	0	3	89500	324	67	2350	276	455639	142	SUB		6.25971	84742	323	67	2350	262	455823	83	6.26084	112089	1838	67	16215	61	455639	2183	114298	1874	83	16232	61	455597	2225	0			0			136	459847	459306	291	300.44													
Recording9	Participant32	G3-1	Entire Recording	1	AF1,AF2,AF3,age,deafness,E1-SDH,E2-ST,E3-LC,education,EE1,EE2,EE3,ENJ1,ENJ2,gender,language,NP1,NP2,NP3,NU1,NU2,NU3,pref (1),SD1	IMA	1174351	0	3	65998	274	67	2133	241	74780	100	SUB		6.20501	56364	261	67	1225	216	74780	100	6.23323	87403	1410	67	9999	62	74780	8251	89879	1450	83	10057	62	74722	8309	0			0			108	87305	83031	411.6	79.43													
Recording9	Participant32	G3-1	Entire Recording	1	AF1,AF2,AF3,age,deafness,E1-SDH,E2-ST,E3-LC,education,EE1,EE2,EE3,ENJ1,ENJ2,gender,language,NP1,NP2,NP3,NU1,NU2,NU3,pref (1),SD1	IMA	1174351	0	3	58672	337	67	1958	174	817288	108	SUB		5.9485	50614	318	67	1800	159	817288	108	5.95229	72993	1872	83	9124	39	817288	3125	74368	1907	100	9174	39	817271	3141	0			0			83	820663	820413	401.14	156.57													
Recording9	Participant32	G3-1	Entire Recording	1	AF1,AF2,AF3,age,deafness,E1-SDH,E2-ST,E3-LC,education,EE1,EE2,EE3,ENJ1,ENJ2,gender,language,NP1,NP2,NP3,NU1,NU2,NU3,pref (1),SD1	SUB	1174351	0	3	79809	596	75	5491	134	459364	200	SUB		6.17211	75593	600	75	5491	126	459364	200	6.17684	83382	1463	75	20356	57	459364	483	85282	1496	83	20373	57	459306	542	0			0			62	459306	459847	300.44	291													
Recording9	Participant32	G3-1	Entire Recording	1	AF1,AF2,AF3,age,deafness,E1-SDH,E2-ST,E3-LC,education,EE1,EE2,EE3,ENJ1,ENJ2,gender,language,NP1,NP2,NP3,NU1,NU2,NU3,pref (1),SD1	SUB	1174351	0	3	100460	342	67	3250	294	83064	217	SUB		6.23953	91802	339	67	3250	271	83064	217	6.23932	111439	1211	67	6283	92	83064	767	114821	1248	83	6341	92	83031	800	0			0			160	83031	99704	79.43	249.33													
Recording9	Participant32	G3-1	Entire Recording	1	AF1,AF2,AF3,age,deafness,E1-SDH,E2-ST,E3-LC,education,EE1,EE2,EE3,ENJ1,ENJ2,gender,language,NP1,NP2,NP3,NU1,NU2,NU3,pref (1),SD1	SUB	1174351	0	3	69334	405	66	6233	171	820446	217	SUB		6.14786	63829	399	67	6233	160	820446	217	6.14899	75173	1446	67	21265	52	820446	217	77015	1481	91	21281	52	820413	250	0			0			92	820413	820663	156.57	401.14													
Recording4	Participant12	G3-2	C1-SDH	1	C1-SDH	IMA	323636	854756		168472	248	66	1058	680	4565	92	IMA	IMA	4.08011	131609	241	66	1058	545	4565	92	4.08652	219163	2192	67	18965	100	4565	1000	222818	2228	83	18973	100	4549	1016	0			0			342	13931	5565	364.43	210.28													
Recording4	Participant12	G3-2	C1-SDH	1	C1-SDH	SUB	323636	854756		58625	185	67	634	317	5607	200	IMA	IMA	4.09379	49361	186	67	634	265	5607	200	4.10304	71711	724	75	4142	114	5607	542	76085	769	141	4167	99	5565	584	0			0			163	5565	13931	210.28	364.43													
Recording4	Participant12	G3-2	C2-ST	1	C2-ST	IMA	314472	464333		104045	245	67	941	424	1276	67	SUB		3.9921	76440	247	67	941	310	1276	67	4.01085	151471	1515	75	24074	100	1276	2808	155561	1556	92	24133	100	1268	2816	0			0			183	4526	4084	427.93	300.98													
Recording4	Participant12	G3-2	C2-ST	1	C2-ST	SUB	314472	464333		98574	207	67	850	477	4134	108	SUB		3.82347	81983	207	67	850	397	4134	108	3.82918	137274	1387	108	9307	99	4134	391	141547	1430	133	9341	99	4084	442	0			0			260	4084	4526	300.98	427.93													
Recording4	Participant12	G3-2	C3-LC	1	C3-LC	IMA	353681	49264		122157	211	66	1017	578	198	208	IMA	IMA	3.91955	96374	217	67	808	444	431	133	3.91709	155679	738	75	7732	211	198	6541	164902	782	133	7766	211	148	6591	0			0			230	7647	6739	391.7	375.69													
Recording4	Participant12	G3-2	C3-LC	1	C3-LC	SUB	353681	49264		129118	208	66	792	620	6797	133	IMA	IMA	3.87395	112028	209	66	733	536	6797	133	3.87492	155968	724	66	5333	210	6797	850	161491	769	83	5349	210	6739	908	0			0			335	6739	7647	375.69	391.7													
Recording4	Participant12	G3-2	Entire Recording	1	AF1,AF2,AF3,C1-SDH,C2-ST,C3-LC,EE1,EE2,EE3,ENJ1,ENJ2,NP1,NP2,NP3,NU1,NU2,NU3,PREF (1),SD1	IMA	1233617	0	2	104045	245	67	941	424	465609	67	IMA		3.9921	76440	247	67	941	310	465609	67	4.01085	151471	1515	75	24074	100	465609	2808	155561	1556	92	24133	100	465601	2816	0			0			183	468859	468417	427.93	300.98													
Recording4	Participant12	G3-2	Entire Recording	1	AF1,AF2,AF3,C1-SDH,C2-ST,C3-LC,EE1,EE2,EE3,ENJ1,ENJ2,NP1,NP2,NP3,NU1,NU2,NU3,PREF (1),SD1	IMA	1233617	0	2	168472	248	66	1058	680	859321	92	IMA		4.08011	131609	241	66	1058	545	859321	92	4.08652	219163	2192	67	18965	100	859321	1000	222818	2228	83	18973	100	859305	1016	0			0			342	868687	860321	364.43	210.28													
Recording4	Participant12	G3-2	Entire Recording	1	AF1,AF2,AF3,C1-SDH,C2-ST,C3-LC,EE1,EE2,EE3,ENJ1,ENJ2,NP1,NP2,NP3,NU1,NU2,NU3,PREF (1),SD1	IMA	1233617	0	2	122157	211	66	1017	578	49462	208	IMA		3.91955	96374	217	67	808	444	49695	133	3.91709	155679	738	75	7732	211	49462	6541	164902	782	133	7766	211	49412	6591	0			0			230	56911	56003	391.7	375.69													
Recording4	Participant12	G3-2	Entire Recording	1	AF1,AF2,AF3,C1-SDH,C2-ST,C3-LC,EE1,EE2,EE3,ENJ1,ENJ2,NP1,NP2,NP3,NU1,NU2,NU3,PREF (1),SD1	SUB	1233617	0	2	98574	207	67	850	477	468467	108	IMA		3.82347	81983	207	67	850	397	468467	108	3.82918	137274	1387	108	9307	99	468467	391	141547	1430	133	9341	99	468417	442	0			0			260	468417	468859	300.98	427.93													
Recording4	Participant12	G3-2	Entire Recording	1	AF1,AF2,AF3,C1-SDH,C2-ST,C3-LC,EE1,EE2,EE3,ENJ1,ENJ2,NP1,NP2,NP3,NU1,NU2,NU3,PREF (1),SD1	SUB	1233617	0	2	58625	185	67	634	317	860363	200	IMA		4.09379	49361	186	67	634	265	860363	200	4.10304	71711	724	75	4142	99	860363	542	76085	769	141	4167	99	860321	584	0			0			163	860321	868687	210.28	364.43													
Recording4	Participant12	G3-2	Entire Recording	1	AF1,AF2,AF3,C1-SDH,C2-ST,C3-LC,EE1,EE2,EE3,ENJ1,ENJ2,NP1,NP2,NP3,NU1,NU2,NU3,PREF (1),SD1	SUB	1233617	0	2	129118	208	66	792	620	56061	133	IMA		3.87395	112028	209	66	733	536	56061	133	3.87492	151969	724	66	5333	210	56061	850	161491	769	83	5349	210	56003	908	0			0			335	56003	56911	375.69	391.7													
Recording8	Participant31	G3-2	C1-SDH	1	C1-SDH	IMA	323670	51593		158954	440	66	4974	361	9	167	IMA	IMA	4.73728	124390	447	66	4974	278	9	167	4.74088	174578	1819	83	14807	96	9	2308	178444	1859	91	14832	96	0	2317	0			0			203	11499	2317	181.18	202.13													
Recording8	Participant31	G3-2	C1-SDH	1	C1-SDH	SUB	323670	51593		121958	366	66	3716	333	6117	267	IMA	IMA	4.93317	102234	354	66	2750	289	10516	283	4.92354	132115	1452	100	9316	106	6117	433	135778	1492	100	9366	91	6091	458	0			0			201	6091	11499	72.6	181.18													
Recording8	Participant31	G3-2	C2-ST	1	C2-ST	IMA	314505	849253		115041	353	66	2508	326	3527	283	IMA		4.16253	94203	353	67	2508	267	4035	159	4.191	139123	1697	67	35455	82	3527	817	142436	1737	92	35488	82	3477	867	0			0			173	7243	4343	262.77	367.62													
Recording8	Participant31	G3-2	C2-ST	1	C2-ST	SUB	314505	849253		128652	309	67	1550	416	4518	275	IMA		4.08343	118547	310	67	1550	383	4518	275	4.07825	146228	1741	133	12591	84	4518	275	149344	1778	175	12615	84	4502	292	0			0			273	4502	7243	34.37	262.77													
Recording8	Participant31	G3-2	C3-LC	1	C3-LC	IMA	353664	445599		77836	435	67	7066	179	2513	100	IMA	IMA	4.47832	67038	433	67	7066	155	3559	458	4.50137	88063	955	125	18306	88	2513	4179	87922	999	158	18356	88	2513	4179	0			0			76	9175	6691	377.82	165.37													
Recording8	Participant31	G3-2	C3-LC	1	C3-LC	SUB	353664	445599		236871	507	66	6033	467	6709	433	IMA	IMA	4.37447	200385	489	66	6033	410	6709	433	4.36323	256968	2874	150	29597	88	6709	2466	256364	2913	183	29664	88	6691	2483	0			0			314	6691	9175	165.37	377.82													
Recording8	Participant31	G3-2	Entire Recording	1	AF1,AF2,AF3,C1-SDH,C2-ST,C3-LC,EE1,EE2,EE3,ENJ1,ENJ2,NP1,NP2,NP3,NU1,NU2,NU3,PREF (1),SD1	IMA	1216350	0	1	115041	353	66	2508	326	852780	283	IMA		4.16253	94203	353	67	2508	267	853288	159	4.191	139123	1697	67	35455	82	852780	817	142436	1737	92	35488	82	852730	867	0			0			173	856496	853597	262.77	367.62													
Recording8	Participant31	G3-2	Entire Recording	1	AF1,AF2,AF3,C1-SDH,C2-ST,C3-LC,EE1,EE2,EE3,ENJ1,ENJ2,NP1,NP2,NP3,NU1,NU2,NU3,PREF (1),SD1	IMA	1216350	0	1	158954	440	66	4974	361	51601	167	IMA		4.73728	124390	447	66	4974	278	51601	167	4.74088	174578	1819	83	14807	96	51601	2308	178510	1859	91	14832	96	51526	2383	0			0			203	51526	53910	413.07	202.13													
Recording8	Participant31	G3-2	Entire Recording	1	AF1,AF2,AF3,C1-SDH,C2-ST,C3-LC,EE1,EE2,EE3,ENJ1,ENJ2,NP1,NP2,NP3,NU1,NU2,NU3,PREF (1),SD1	IMA	1216350	0	1	77836	435	67	7066	179	448112	100	IMA		4.47832	67038	433	67	7066	155	449157	458	4.50137	84063	955	125	18306	88	448112	4179	87922	999	158	18356	88	448112	4179	0			0			76	454773	452290	377.82	165.37													
Recording8	Participant31	G3-2	Entire Recording	1	AF1,AF2,AF3,C1-SDH,C2-ST,C3-LC,EE1,EE2,EE3,ENJ1,ENJ2,NP1,NP2,NP3,NU1,NU2,NU3,PREF (1),SD1	SUB	1216350	0	1	128652	309	67	1550	416	853772	275	IMA		4.08343	118547	310	67	1550	383	853772	275	4.07825	146228	1741	133	12591	84	853772	275	149344	1778	175	12615	84	853755	292	0			0			273	853755	856496	34.37	262.77													
Recording8	Participant31	G3-2	Entire Recording	1	AF1,AF2,AF3,C1-SDH,C2-ST,C3-LC,EE1,EE2,EE3,ENJ1,ENJ2,NP1,NP2,NP3,NU1,NU2,NU3,PREF (1),SD1	SUB	1216350	0	1	121958	366	66	3716	333	57709	267	IMA		4.93317	102234	354	66	2750	289	62109	283	4.92354	132115	1452	100	9316	91	57709	433	135778	1492	100	9366	91	57684	458	0			0			201	57684	63092	72.6	181.18													
Recording8	Participant31	G3-2	Entire Recording	1	AF1,AF2,AF3,C1-SDH,C2-ST,C3-LC,EE1,EE2,EE3,ENJ1,ENJ2,NP1,NP2,NP3,NU1,NU2,NU3,PREF (1),SD1	SUB	1216350	0	1	236871	507	66	6033	467	452308	433	IMA		4.37447	200385	489	66	6033	410	452308	433	4.36323	252954	2874	150	29597	88	452308	2466	256364	2913	183	29664	88	452290	2483	0			0			314	452290	454773	165.37	377.82													
Recording5	Participant26	G3-1	E1-SDH	1	E1-SDH	IMA	281528	904737		144215	372	67	1508	388	0	372	IMA		5.40613	132478	372	67	1508	356	1471	150	5.39699	161037	2119	83	20106	76	0	922	164571	2165	92	20123	76	0	922	0			0			246	7471	2355	297.72	390.27													
Recording5	Participant26	G3-1	E1-SDH	1	E1-SDH	SUB	281528	904737		99123	291	75	1467	341	1030	242	IMA		5.23999	96123	292	75	1467	329	3905	167	5.2463	107539	1453	83	7091	89	1030	242	111348	1505	125	7108	74	1013	258	0			0			259	3863	7471	242.06	297.72													
Recording5	Participant26	G3-1	E2-ST	1	E2-ST	IMA	270263	88681		134508	375	67	2791	359	0	96	IMA	IMA	5.41472	121784	367	67	2791	332	154	119	5.40749	150344	2179	208	11482	69	0	5828	153393	2223	258	11532	69	0	5828	0			0			239	10436	5828	273.98	83.16													
Recording5	Participant26	G3-1	E2-ST	1	E2-ST	SUB	270263	88681		96650	280	67	1208	345	5845	83	IMA	IMA	5.4414	92208	281	67	1208	328	5845	83	5.43661	109164	1582	108	8516	69	5845	733	112380	1629	150	8574	69	5828	750	0			0			243	5828	6578	83.16	93													
Recording5	Participant26	G3-1	E3-LC	1	E3-LC	IMA	291859	532494		129677	369	67	1916	451	0	345	IMA	IMA	5.07986	117572	372	67	1916	316	395	417	5.08104	144716	2160	75	22351	120	0	22351	147641	2204	125	22351	67	0	22351	0			0			237	22676	22351	271.6	306.54													
Recording5	Participant26	G3-1	E3-LC	1	E3-LC	SUB	291859	532494		154003	298	67	1050	530	22393	175	IMA	IMA	5.1434	117131	295	67	1050	397	22393	175	5.14673	146830	2074	117	10191	143	22393	283	138020	2123	158	10232	65	22351	325	0			0			318	22351	22676	306.54	271.6													
Recording5	Participant26	G3-1	Entire Recording	1	AF1,AF2,AF3,age,deafness,E1-SDH,E2-ST,E3-LC,education,EE1,EE2,EE3,ENJ1,ENJ2,gender,language,NP1,NP2,NP3,NU1,NU2,NU3,pref (1),SD1	IMA	1266700	0	3	144215	372	67	1508	388	904737	372	IMA		5.40613	132478	372	67	1508	356	906209	150	5.39699	161037	2119	83	20106	76	904737	922	164571	2165	92	20123	76	904737	922	0			0			246	912208	907092	297.72	390.27													
Recording5	Participant26	G3-1	Entire Recording	1	AF1,AF2,AF3,age,deafness,E1-SDH,E2-ST,E3-LC,education,EE1,EE2,EE3,ENJ1,ENJ2,gender,language,NP1,NP2,NP3,NU1,NU2,NU3,pref (1),SD1	IMA	1266700	0	3	134508	375	67	2791	359	88681	96	IMA		5.41472	121784	367	67	2791	332	88835	119	5.40749	150344	2179	208	11482	69	88681	5828	153393	2223	258	11532	69	88681	5828	0			0			239	99117	94509	273.98	83.16													
Recording5	Participant26	G3-1	Entire Recording	1	AF1,AF2,AF3,age,deafness,E1-SDH,E2-ST,E3-LC,education,EE1,EE2,EE3,ENJ1,ENJ2,gender,language,NP1,NP2,NP3,NU1,NU2,NU3,pref (1),SD1	IMA	1266700	0	3	129677	369	67	1916	351	532494	345	IMA		5.07986	117572	372	67	1916	316	532889	417	5.08104	144716	2160	75	22351	67	532494	22351	147641	2204	125	22351	67	532494	22351	0			0			237	555170	554845	271.6	306.54													
Recording5	Participant26	G3-1	Entire Recording	1	AF1,AF2,AF3,age,deafness,E1-SDH,E2-ST,E3-LC,education,EE1,EE2,EE3,ENJ1,ENJ2,gender,language,NP1,NP2,NP3,NU1,NU2,NU3,pref (1),SD1	SUB	1266700	0	3	99123	291	75	1467	341	905767	242	IMA		5.23999	96123	292	75	1467	329	908642	167	5.2463	107539	1453	83	7091	74	905767	242	111348	1505	125	7108	74	905750	258	0			0			259	908600	912208	242.06	297.72													
Recording5	Participant26	G3-1	Entire Recording	1	AF1,AF2,AF3,age,deafness,E1-SDH,E2-ST,E3-LC,education,EE1,EE2,EE3,ENJ1,ENJ2,gender,language,NP1,NP2,NP3,NU1,NU2,NU3,pref (1),SD1	SUB	1266700	0	3	96650	280	67	1208	345	94526	83	IMA		5.4414	92208	281	67	1208	328	94526	83	5.43661	109164	1582	108	8516	69	94526	733	112380	1629	150	8574	69	94509	750	0			0			243	94509	95259	83.16	93													
Recording5	Participant26	G3-1	Entire Recording	1	AF1,AF2,AF3,age,deafness,E1-SDH,E2-ST,E3-LC,education,EE1,EE2,EE3,ENJ1,ENJ2,gender,language,NP1,NP2,NP3,NU1,NU2,NU3,pref (1),SD1	SUB	1266700	0	3	122014	298	67	1050	410	554887	175	IMA		5.1434	117131	295	67	1050	397	554887	175	5.14673	134812	2074	117	10191	65	554887	283	138020	2123	158	10232	65	554845	325	0			0			318	554845	555170	306.54	271.6													
Recording6	Participant26	G3-2	C1-SDH	1	C1-SDH	IMA	323703	52304		201649	394	19	2225	512	0	19	IMA	IMA	4.81221	190339	400	75	2225	476	244	325	4.81267	221764	2640	100	16357	84	0	5827	225354	2683	108	16415	84	0	5827	0			0			372	7052	5827	201.56	103.04													
Recording6	Participant26	G3-2	C1-SDH	1	C1-SDH	SUB	323703	52304		86458	307	67	1358	282	5869	150	IMA	IMA	4.82164	84758	308	67	1358	275	5869	150	4.82135	92499	1114	142	4641	97	5869	1183	96465	1162	192	4708	83	5827	1225	0			0			188	5827	7052	103.04	201.56													
Recording6	Participant26	G3-2	C2-ST	1	C2-ST	IMA	314488	861045		151304	423	83	3058	358	0	286	IMA	IMA	4.7455	143609	421	83	3058	341	328	267	4.7473	162337	2108	108	28322	77	0	4436	165987	2156	150	28364	77	0	4436	0			0			257	10452	4436	297.65	259.17													
Recording6	Participant26	G3-2	C2-ST	1	C2-ST	SUB	314488	861045		129346	303	67	1583	427	4486	450	IMA	IMA	4.60979	126671	304	67	1583	416	6736	117	4.61125	140278	1822	83	6807	77	4486	450	144335	1874	92	6858	77	4436	500	0			0			335	4436	10452	259.17	297.65													
Recording6	Participant26	G3-2	C3-LC	1	C3-LC	IMA	353647	443693		171517	359	67	2650	478	0	189	IMA	IMA	4.34135	158351	360	75	2650	440	389	442	4.3417	186198	1432	125	9257	130	0	831	192488	1481	150	9316	130	0	831	0			0			311	1197	831	392.14	388.06													
Recording6	Participant26	G3-2	C3-LC	1	C3-LC	SUB	353647	443693		141503	305	67	1250	464	914	283	IMA	IMA	4.39597	137411	304	67	1250	452	914	283	4.39398	153758	1161	183	5508	129	914	283	157001	1217	225	5566	129	831	367	0			0			326	831	1197	388.06	392.14													
Recording6	Participant26	G3-2	Entire Recording	1	AF1,AF2,AF3,C1-SDH,C2-ST,C3-LC,EE1,EE2,EE3,ENJ1,ENJ2,NP1,NP2,NP3,NU1,NU2,NU3,PREF (1),SD1	IMA	1235422	0	3	151304	423	83	3058	358	861045	286	IMA		4.7455	143609	421	83	3058	341	861373	267	4.7473	162337	2108	108	28322	77	861045	4436	165987	2156	150	28364	77	861045	4436	0			0			257	871497	865481	297.65	259.17													
Recording6	Participant26	G3-2	Entire Recording	1	AF1,AF2,AF3,C1-SDH,C2-ST,C3-LC,EE1,EE2,EE3,ENJ1,ENJ2,NP1,NP2,NP3,NU1,NU2,NU3,PREF (1),SD1	IMA	1235422	0	3	201649	394	19	2225	512	52304	19	IMA		4.81221	190339	400	75	2225	476	52548	325	4.81267	221764	2640	100	16357	84	52304	5827	225354	2683	108	16415	84	52304	5827	0			0			372	59356	58131	201.56	103.04													
Recording6	Participant26	G3-2	Entire Recording	1	AF1,AF2,AF3,C1-SDH,C2-ST,C3-LC,EE1,EE2,EE3,ENJ1,ENJ2,NP1,NP2,NP3,NU1,NU2,NU3,PREF (1),SD1	IMA	1235422	0	3	171517	359	67	2650	478	443693	189	IMA		4.34135	158351	360	75	2650	440	444082	442	4.3417	186198	1432	125	9257	130	443693	831	192488	1481	150	9316	130	443693	831	0			0			311	444891	444524	392.14	388.06													
Recording6	Participant26	G3-2	Entire Recording	1	AF1,AF2,AF3,C1-SDH,C2-ST,C3-LC,EE1,EE2,EE3,ENJ1,ENJ2,NP1,NP2,NP3,NU1,NU2,NU3,PREF (1),SD1	SUB	1235422	0	3	129346	303	67	1583	427	865531	450	IMA		4.60979	126671	304	67	1583	416	867780	117	4.61125	140278	1822	83	6807	77	865531	450	144335	1874	92	6858	77	865481	500	0			0			335	865481	871497	259.17	297.65													
Recording6	Participant26	G3-2	Entire Recording	1	AF1,AF2,AF3,C1-SDH,C2-ST,C3-LC,EE1,EE2,EE3,ENJ1,ENJ2,NP1,NP2,NP3,NU1,NU2,NU3,PREF (1),SD1	SUB	1235422	0	3	86458	307	67	1358	282	58173	150	IMA		4.82164	84758	308	67	1358	275	58173	150	4.82135	92499	1114	142	4641	83	58173	1183	96465	1162	192	4708	83	58131	1225	0			0			188	58131	59356	103.04	201.56													
Recording6	Participant26	G3-2	Entire Recording	1	AF1,AF2,AF3,C1-SDH,C2-ST,C3-LC,EE1,EE2,EE3,ENJ1,ENJ2,NP1,NP2,NP3,NU1,NU2,NU3,PREF (1),SD1	SUB	1235422	0	3	141503	305	67	1250	464	444607	283	IMA		4.39597	137411	304	67	1250	452	444607	283	4.39398	149760	1161	183	5508	129	444607	283	157001	1217	225	5566	129	444524	367	0			0			326	444524	444891	388.06	392.14													
Recording3	Participant12	G3-1	E1-SDH	1	E1-SDH	IMA	281545	170772		157400	301	67	1708	523	0	173	IMA	IMA	4.56878	121546	306	67	1708	397	248	192	4.57396	185981	1958	142	22764	95	0	4015	190071	2001	167	22806	95	0	4015	0			0			291	4723	4015	409.02	226.11													
Recording3	Participant12	G3-1	E1-SDH	1	E1-SDH	SUB	281545	170772		72204	206	74	816	351	4048	300	IMA	IMA	4.49275	61374	203	74	800	302	4048	300	4.49978	81014	862	117	10382	109	4048	675	85807	913	175	10441	94	4015	708	0			0			212	4015	4723	226.11	409.02													
Recording3	Participant12	G3-1	E2-ST	1	E2-ST	IMA	270230	927673		98261	262	24	1375	375	274	233	IMA	IMA	4.17344	72466	264	67	1375	275	774	275	4.18538	123384	1356	24	11566	91	274	4016	126751	1393	73	11566	91	274	4016	0			0			186	5324	5807	297.85	306.68													
Recording3	Participant12	G3-1	E2-ST	1	E2-ST	SUB	270230	927673		100403	218	66	758	460	4874	200	IMA	IMA	4.32552	86903	220	66	758	395	4874	200	4.33001	122631	1305	67	9533	94	4874	450	126320	1344	83	9549	94	4832	492	0			0			297	5807	5324	306.68	297.85													
Recording3	Participant12	G3-1	E3-LC	1	E3-LC	IMA	291876	589540		118690	253	67	1258	570	449	67	IMA	IMA	4.13679	94122	257	67	1258	366	712	83	4.13859	156824	1867	67	21777	99	449	21777	160342	1909	75	21803	84	424	21803	0			0			238	22676	22226	421.8	337.43													
Recording3	Participant12	G3-1	E3-LC	1	E3-LC	SUB	291876	589540		114766	215	66	750	537	22401	183	IMA	IMA	4.20904	76707	212	66	683	361	22401	183	4.20047	126162	1327	175	7207	152	22401	275	118259	1375	208	7207	86	22376	300	0			0			251	22376	22676	171.09	421.8													
Recording3	Participant12	G3-1	Entire Recording	1	AF1,AF2,AF3,age,deafness,E1-SDH,E2-ST,E3-LC,education,EE1,EE2,EE3,ENJ1,ENJ2,gender,language,NP1,NP2,NP3,NU1,NU2,NU3,pref (1),SD1	IMA	1284446	0	1	157400	301	67	1708	523	170772	173	IMA		4.56878	121546	306	67	1708	397	171020	192	4.57396	185981	1958	142	22764	95	170772	4015	190071	2001	167	22806	95	170772	4015	0			0			291	175495	174787	409.02	226.11													
Recording3	Participant12	G3-1	Entire Recording	1	AF1,AF2,AF3,age,deafness,E1-SDH,E2-ST,E3-LC,education,EE1,EE2,EE3,ENJ1,ENJ2,gender,language,NP1,NP2,NP3,NU1,NU2,NU3,pref (1),SD1	IMA	1284446	0	1	98261	262	24	1375	375	927947	233	IMA		4.17344	72466	264	67	1375	275	928448	275	4.18538	123384	1356	24	11566	91	927947	4016	126751	1393	73	11566	91	927947	4016	0			0			186	932997	933480	297.85	306.68													
Recording3	Participant12	G3-1	Entire Recording	1	AF1,AF2,AF3,age,deafness,E1-SDH,E2-ST,E3-LC,education,EE1,EE2,EE3,ENJ1,ENJ2,gender,language,NP1,NP2,NP3,NU1,NU2,NU3,pref (1),SD1	IMA	1284446	0	1	118690	253	67	1258	470	589989	67	IMA		4.13679	94122	257	67	1258	366	590252	83	4.13859	156824	1867	67	21777	84	589989	21777	160342	1909	75	21803	84	589964	21803	0			0			238	612216	611766	421.8	337.43													
Recording3	Participant12	G3-1	Entire Recording	1	AF1,AF2,AF3,age,deafness,E1-SDH,E2-ST,E3-LC,education,EE1,EE2,EE3,ENJ1,ENJ2,gender,language,NP1,NP2,NP3,NU1,NU2,NU3,pref (1),SD1	SUB	1284446	0	1	72204	206	74	816	351	174820	300	IMA		4.49275	61374	203	74	800	302	174820	300	4.49978	81014	862	117	10382	94	174820	675	85807	913	175	10441	94	174787	708	0			0			212	174787	175495	226.11	409.02													
Recording3	Participant12	G3-1	Entire Recording	1	AF1,AF2,AF3,age,deafness,E1-SDH,E2-ST,E3-LC,education,EE1,EE2,EE3,ENJ1,ENJ2,gender,language,NP1,NP2,NP3,NU1,NU2,NU3,pref (1),SD1	SUB	1284446	0	1	100403	218	66	758	460	932547	200	IMA		4.32552	86903	220	66	758	395	932547	200	4.33001	122631	1305	67	9533	94	932547	450	126320	1344	83	9549	94	932505	492	0			0			297	933480	932997	306.68	297.85													
Recording3	Participant12	G3-1	Entire Recording	1	AF1,AF2,AF3,age,deafness,E1-SDH,E2-ST,E3-LC,education,EE1,EE2,EE3,ENJ1,ENJ2,gender,language,NP1,NP2,NP3,NU1,NU2,NU3,pref (1),SD1	SUB	1284446	0	1	89761	215	66	750	417	611941	183	IMA		4.20904	76707	212	66	683	361	611941	183	4.20047	114150	1327	175	7207	86	611941	275	118259	1375	208	7207	86	611916	300	0			0			251	611916	612216	171.09	421.8													
Recording10	Participant32	G3-2	C1-SDH	1	C1-SDH	IMA	323670	63779		120503	360	67	1766	335	204	275	IMA		5.48551	105206	358	67	1766	294	521	317	5.49568	150142	1809	117	11524	97	204	5041	153335	1847	133	11532	83	137	5108	0			0			168	137	6203	439.09	284.08													
Recording10	Participant32	G3-2	C1-SDH	1	C1-SDH	SUB	323670	63779		107891	463	67	6716	233	5912	75	IMA		5.63918	102208	462	67	6716	221	5912	75	5.64258	115405	1358	67	25106	100	5912	75	118396	1393	75	25139	85	5903	83	0			0			118	10686	5987	72.39	329.65													
Recording10	Participant32	G3-2	C2-ST	1	C2-ST	IMA	314489	446854		59303	322	66	1908	184	0	282	IMA	IMA	5.35547	49913	320	66	1908	156	1682	241	5.37478	72389	1206	75	10399	60	0	4240	75087	1251	92	10457	60	0	4240	0			0			79	5031	7056	247.95	260.08													
Recording10	Participant32	G3-2	C2-ST	1	C2-ST	SUB	314489	446854		175819	425	67	4608	414	4590	442	IMA	IMA	5.24517	166661	421	67	4608	396	4590	442	5.23528	196373	2424	83	17940	81	4590	442	199305	2461	100	17948	81	4548	483	0			0			230	7056	5031	260.08	247.95													
Recording10	Participant32	G3-2	C3-LC	1	C3-LC	IMA	353631	820381		64503	321	4	1633	201	0	4	IMA	IMA	5.00526	54980	316	67	1633	174	429	375	5.02443	75751	1222	92	11082	62	0	6870	78476	1266	117	11166	62	0	6870	0			0			110	9212	6870	281.1	299.34													
Recording10	Participant32	G3-2	C3-LC	1	C3-LC	SUB	353631	820381		203287	521	66	9307	390	6928	617	IMA	IMA	5.30311	195889	529	66	9307	370	6928	617	5.30217	222103	2566	66	21414	85	6928	2283	221419	2605	75	21464	85	6870	2341	0			0			228	6870	9212	299.34	281.1													
Recording10	Participant32	G3-2	Entire Recording	1	AF1,AF2,AF3,C1-SDH,C2-ST,C3-LC,EE1,EE2,EE3,ENJ1,ENJ2,NP1,NP2,NP3,NU1,NU2,NU3,PREF (1),SD1	IMA	1226770	0	3	59303	322	66	1908	184	446854	282	IMA		5.35547	49913	320	66	1908	156	448536	241	5.37478	72389	1206	75	10399	60	446854	4240	75087	1251	92	10457	60	446854	4240	0			0			79	451885	453910	247.95	260.08													
Recording10	Participant32	G3-2	Entire Recording	1	AF1,AF2,AF3,C1-SDH,C2-ST,C3-LC,EE1,EE2,EE3,ENJ1,ENJ2,NP1,NP2,NP3,NU1,NU2,NU3,PREF (1),SD1	IMA	1226770	0	3	120503	360	67	1766	335	63983	275	IMA		5.48551	105206	358	67	1766	294	64300	317	5.49568	150142	1809	117	11524	83	63983	5041	153335	1847	133	11532	83	63917	5108	0			0			168	63917	69983	439.09	284.08													
Recording10	Participant32	G3-2	Entire Recording	1	AF1,AF2,AF3,C1-SDH,C2-ST,C3-LC,EE1,EE2,EE3,ENJ1,ENJ2,NP1,NP2,NP3,NU1,NU2,NU3,PREF (1),SD1	IMA	1226770	0	3	64503	321	4	1633	201	820381	4	IMA		5.00526	54980	316	67	1633	174	820810	375	5.02443	75751	1222	92	11082	62	820381	6870	78476	1266	117	11166	62	820381	6870	0			0			110	829593	827252	281.1	299.34													
Recording10	Participant32	G3-2	Entire Recording	1	AF1,AF2,AF3,C1-SDH,C2-ST,C3-LC,EE1,EE2,EE3,ENJ1,ENJ2,NP1,NP2,NP3,NU1,NU2,NU3,PREF (1),SD1	SUB	1226770	0	3	175819	425	67	4608	414	451444	442	IMA		5.24517	166661	421	67	4608	396	451444	442	5.23528	196373	2424	83	17940	81	451444	442	199305	2461	100	17948	81	451402	483	0			0			230	453910	451885	260.08	247.95													
Recording10	Participant32	G3-2	Entire Recording	1	AF1,AF2,AF3,C1-SDH,C2-ST,C3-LC,EE1,EE2,EE3,ENJ1,ENJ2,NP1,NP2,NP3,NU1,NU2,NU3,PREF (1),SD1	SUB	1226770	0	3	107891	463	67	6716	233	69691	75	IMA		5.63918	102208	462	67	6716	221	69691	75	5.64258	115405	1358	67	25106	85	69691	75	118396	1393	75	25139	85	69683	83	0			0			118	74466	69766	72.39	329.65													
Recording10	Participant32	G3-2	Entire Recording	1	AF1,AF2,AF3,C1-SDH,C2-ST,C3-LC,EE1,EE2,EE3,ENJ1,ENJ2,NP1,NP2,NP3,NU1,NU2,NU3,PREF (1),SD1	SUB	1226770	0	3	203287	521	66	9307	390	827310	617	IMA		5.30311	195889	529	66	9307	370	827310	617	5.30217	218119	2566	66	21414	85	827310	2283	221419	2605	75	21464	85	827252	2341	0			0			228	827252	829593	299.34	281.1													